datum,trades_bis_hier,r_kum_nach_kosten,drawdown_r,r_kum_schnell,zufall_p5,zufall_p50,zufall_p95
2025-10-01,0,0.0,0.0,0.0,0.0,0.0,0.0
2025-10-02,3,-0.6387,0.6387,-0.6942,-1.3957,-0.2633,1.0497
2025-10-03,5,-1.1043,1.1043,-1.1537,-2.1647,-0.568,1.4603
2025-10-06,8,-0.0145,0.0145,0.0182,-2.6737,-0.7188,2.0974
2025-10-07,10,0.0465,0.0,0.0987,-3.0067,-1.0552,1.6614
2025-10-08,14,0.8827,0.0,0.8886,-3.8721,-0.9157,2.2377
2025-10-09,18,0.9388,0.0,0.9547,-4.195,-0.9062,1.7742
2025-10-10,22,-1.9239,2.8626,-1.9978,-5.0186,-0.514,3.9659
2025-10-13,24,-2.2337,3.1725,-2.2958,-4.9922,-0.5752,3.7338
2025-10-14,28,-2.4403,3.3791,-2.4272,-5.7589,-0.7097,4.1729
2025-10-15,29,-3.0732,4.0119,-3.0601,-6.0597,-0.7966,3.7562
2025-10-16,32,-3.0234,3.9622,-2.8462,-6.4451,-0.7761,4.0445
2025-10-17,34,-4.3059,5.2446,-4.1287,-6.5384,-0.9459,3.8985
2025-10-20,35,-4.8003,5.7391,-4.5861,-6.5979,-1.0878,3.5924
2025-10-21,37,-5.2844,6.2231,-5.0578,-6.9304,-1.1806,3.6118
2025-10-22,38,-5.6149,6.5536,-5.3653,-6.666,-1.3105,3.5839
2025-10-23,42,-5.9625,6.9012,-5.6928,-7.0575,-1.532,3.2315
2025-10-24,42,-5.9625,6.9012,-5.6928,-7.0575,-1.532,3.2315
2025-10-27,45,-6.4281,7.3668,-6.1937,-7.7325,-2.0852,3.3188
2025-10-28,50,-9.9531,10.8919,-6.5407,-8.0839,-2.3503,3.9618
2025-10-29,54,-10.1645,11.1033,-6.6496,-8.5129,-2.3609,4.2032
2025-10-30,60,-9.9669,10.9057,-6.2716,-9.1965,-2.5976,4.217
2025-10-31,62,-9.6826,10.6213,-6.0481,-9.2464,-2.5363,4.1666
2025-11-03,64,-10.581,11.5198,-6.856,-9.2345,-2.7017,3.4458
2025-11-04,64,-10.581,11.5198,-6.856,-9.2345,-2.7017,3.4458
2025-11-05,67,-10.1434,11.0822,-6.3318,-9.7188,-3.0678,3.4248
2025-11-06,67,-10.1434,11.0822,-6.3318,-9.7188,-3.0678,3.4248
2025-11-07,70,-10.2904,11.2291,-6.4443,-9.8883,-3.1459,3.3742
2025-11-10,74,-11.0265,11.9652,-7.0174,-11.0168,-3.3604,3.1768
2025-11-11,77,-10.3294,11.2681,-6.2931,-10.7893,-3.8417,3.073
2025-11-12,79,-9.8364,10.7752,-5.809,-10.3016,-3.5705,2.6312
2025-11-13,79,-9.8364,10.7752,-5.809,-10.3016,-3.5705,2.6312
2025-11-14,82,-11.2668,12.2056,-7.1768,-10.5072,-3.6391,2.7145
2025-11-17,85,-10.5894,11.5281,-6.4733,-10.9172,-3.3185,3.4674
2025-11-18,86,-10.8701,11.8088,-6.7297,-10.8093,-3.4493,3.5154
2025-11-19,90,-10.5041,11.4429,-6.2335,-11.7235,-3.748,1.779
2025-11-20,94,-7.8619,8.8007,-3.3586,-11.0697,-3.2798,3.1076
2025-11-21,95,-7.1886,8.1274,-2.6414,-11.458,-2.8665,3.2929
2025-11-24,95,-7.1886,8.1274,-2.6414,-11.458,-2.8665,3.2929
2025-11-25,97,-7.9769,8.9157,-3.3268,-10.9235,-3.3694,2.4488
2025-11-26,99,-8.2415,9.1803,-3.5315,-11.1816,-2.9513,2.7369
2025-11-28,100,-8.5186,9.4574,-3.8019,-11.4885,-3.1563,2.5501
2025-12-01,103,-7.5803,8.5191,-2.7536,-11.731,-3.46,2.3042
2025-12-02,105,-9.022,9.9607,-4.1804,-11.9662,-3.3502,2.7227
2025-12-03,108,-9.3415,10.2803,-4.4857,-12.8761,-3.8649,2.9832
2025-12-04,113,-9.9012,10.84,-4.9895,-12.3511,-4.0906,2.8853
2025-12-05,115,-10.3084,11.2472,-5.311,-12.6425,-4.3231,2.7937
2025-12-08,118,-10.0843,11.0231,-4.9271,-13.0909,-4.4027,2.5799
2025-12-09,119,-9.0377,9.9765,-3.8639,-13.5972,-4.2952,2.9333
2025-12-10,128,-7.8119,8.7507,-2.2818,-13.1541,-4.9081,3.6679
2025-12-11,130,-7.6721,8.6109,-2.0907,-12.8206,-5.1473,3.6563
2025-12-12,132,-8.3995,9.3383,-2.7638,-12.6403,-5.0328,3.5549
2025-12-15,133,-8.1554,9.0942,-2.5269,-12.3693,-5.2588,3.5712
2025-12-16,136,-8.7331,9.6719,-3.0581,-13.8415,-5.2915,2.7914
2025-12-17,137,-8.0883,9.0271,-2.5126,-13.5173,-5.3667,2.8603
2025-12-18,140,-9.1708,10.1096,-3.6934,-13.6356,-5.7948,2.826
2025-12-19,142,-9.7232,10.6619,-4.1683,-14.0225,-5.9212,2.7409
2025-12-22,144,-10.1997,11.1384,-4.5594,-14.0917,-6.1061,2.5312
2025-12-23,148,-10.2448,11.1836,-4.5803,-14.0366,-6.425,3.2439
2025-12-24,148,-10.2448,11.1836,-4.5803,-14.0366,-6.425,3.2439
2025-12-26,148,-10.2448,11.1836,-4.5803,-14.0366,-6.425,3.2439
2025-12-29,148,-10.2448,11.1836,-4.5803,-14.0366,-6.425,3.2439
2025-12-30,151,-10.1857,11.1244,-4.4923,-13.9184,-6.5717,2.5315
2025-12-31,152,-10.267,11.2058,-4.5809,-14.0371,-6.6175,2.5094
2026-01-02,152,-10.267,11.2058,-4.5809,-14.0371,-6.6175,2.5094
2026-01-05,156,-10.2842,11.223,-4.4945,-15.3589,-6.1881,2.4876
2026-01-06,159,-10.0616,11.0004,-4.1901,-16.0216,-6.3611,2.3671
2026-01-07,166,-10.4797,11.4184,-4.4637,-15.9595,-6.4943,2.9448
2026-01-08,167,-10.9968,11.9356,-4.976,-15.9333,-6.7804,3.342
2026-01-09,170,-10.6229,11.5617,-4.4875,-15.6395,-7.0261,2.9652
2026-01-12,172,-10.2441,11.1828,-4.101,-16.2329,-7.146,3.1361
2026-01-13,175,-9.3723,10.3111,-3.1466,-16.0282,-7.5085,2.3975
2026-01-14,177,-10.5574,11.4961,-4.3603,-16.1961,-7.2605,1.8317
2026-01-15,180,-10.6758,11.6146,-4.5011,-16.4419,-7.3905,1.6132
2026-01-16,183,-11.1387,12.0774,-4.941,-16.4014,-7.423,1.0542
2026-01-20,183,-11.1387,12.0774,-4.941,-16.4014,-7.423,1.0542
2026-01-21,187,-12.0108,12.9496,-5.8274,-15.5996,-8.4253,1.9071
2026-01-22,187,-12.0108,12.9496,-5.8274,-15.5996,-8.4253,1.9071
2026-01-23,187,-12.0108,12.9496,-5.8274,-15.5996,-8.4253,1.9071
2026-01-26,188,-12.1525,13.0913,-5.9598,-15.8311,-8.6387,1.9217
2026-01-27,193,-11.785,12.7238,-5.5098,-15.7788,-8.5451,0.7709
2026-01-28,197,-13.7789,14.7177,-7.6515,-15.9964,-8.5641,0.7602
2026-01-29,197,-13.7789,14.7177,-7.6515,-15.9964,-8.5641,0.7602
2026-01-30,199,-14.7692,15.708,-8.6373,-16.2075,-8.951,0.4208
2026-02-02,201,-13.725,14.6638,-7.5435,-16.8893,-8.6412,-0.22
2026-02-03,205,-11.0747,12.0134,-4.9054,-19.0252,-8.3122,0.3593
2026-02-04,205,-11.0747,12.0134,-4.9054,-19.0252,-8.3122,0.3593
2026-02-05,208,-11.423,12.3617,-5.2032,-18.5695,-8.163,0.6958
2026-02-06,208,-11.423,12.3617,-5.2032,-18.5695,-8.163,0.6958
2026-02-09,209,-11.7034,12.6422,-5.4758,-18.5546,-8.3125,0.5831
2026-02-10,212,-11.4981,12.4369,-5.1915,-18.717,-8.616,1.2168
2026-02-11,216,-13.6054,14.5442,-7.2618,-18.3126,-7.8273,1.7995
2026-02-12,219,-12.8796,13.8184,-6.5313,-17.2203,-8.1329,0.6267
2026-02-13,223,-13.6167,14.5555,-7.2205,-17.4032,-8.2509,0.5043
2026-02-17,227,-14.5363,15.4751,-8.0749,-17.3956,-8.8491,0.3312
2026-02-18,229,-14.8562,15.795,-8.3837,-17.4507,-8.9604,0.0998
2026-02-19,230,-14.9977,15.9364,-8.5404,-17.4185,-8.8535,0.1026
2026-02-20,231,-16.0256,16.9644,-9.5704,-18.007,-8.9249,0.3743
2026-02-23,232,-16.1322,17.071,-9.7774,-18.0949,-9.0496,0.4582
2026-02-24,233,-16.2839,17.2227,-9.8953,-18.0597,-9.0626,0.3003
2026-02-25,234,-16.6736,17.6124,-10.2705,-18.2869,-9.3703,0.4917
2026-02-26,235,-16.4166,17.3553,-9.997,-18.4033,-9.1037,0.088
2026-02-27,238,-16.9601,17.8988,-10.5355,-18.1494,-9.4069,0.4773
2026-03-02,240,-17.6923,18.6311,-11.2661,-18.2617,-9.675,-0.2926
2026-03-03,242,-18.3435,19.2822,-11.8849,-18.299,-9.8234,-0.0437
2026-03-04,242,-18.3435,19.2822,-11.8849,-18.299,-9.8234,-0.0437
2026-03-05,245,-19.066,20.0048,-12.426,-18.5613,-9.7574,-0.1718
2026-03-06,246,-19.2001,20.1388,-12.5908,-18.7778,-9.8618,-0.2824
2026-03-09,247,-19.1937,20.1325,-12.5366,-18.6626,-9.9145,-0.3653
2026-03-10,249,-19.3111,20.2499,-12.5117,-18.3028,-10.0056,0.0091
2026-03-11,249,-19.3111,20.2499,-12.5117,-18.3028,-10.0056,0.0091
2026-03-12,253,-20.0509,20.9897,-13.2306,-19.1641,-9.8302,-0.365
2026-03-13,254,-19.7676,20.7064,-12.9719,-19.0348,-9.5012,-0.0035
2026-03-16,255,-19.2632,20.202,-12.4782,-19.3956,-9.5075,0.112
2026-03-17,255,-19.2632,20.202,-12.4782,-19.3956,-9.5075,0.112
2026-03-18,259,-18.8879,19.8267,-11.9799,-19.493,-9.8416,0.1812
2026-03-19,263,-20.5332,21.4719,-13.6625,-19.4066,-10.544,-0.1178
2026-03-20,267,-19.5567,20.4955,-12.628,-19.5064,-10.3749,-0.133
2026-03-23,269,-20.2293,21.1681,-13.2621,-19.6821,-10.5072,-0.2546
2026-03-24,273,-21.8886,22.8274,-14.8087,-20.0896,-11.0394,-0.2733
2026-03-25,276,-22.1991,23.1378,-15.0848,-20.2074,-11.3643,-0.6318
2026-03-26,280,-22.3016,23.2403,-15.1289,-20.2236,-11.5111,-0.4717
2026-03-27,282,-22.6266,23.5654,-15.4098,-20.4234,-11.3539,-0.4926
2026-03-30,284,-22.699,23.6378,-15.4632,-20.4728,-11.3509,-0.9466
2026-03-31,285,-22.411,23.3497,-15.1691,-21.3801,-11.6837,-1.2521
2026-04-01,288,-23.3759,24.3146,-16.1324,-21.5553,-11.9082,-0.2156
2026-04-02,293,-25.7674,26.7061,-17.7684,-20.0955,-10.2729,-0.7346
2026-04-06,296,-25.8407,26.7794,-17.8332,-20.4952,-10.8362,-0.8378
2026-04-07,301,-27.7266,28.6654,-19.5262,-21.3288,-11.5436,-1.2889
2026-04-08,302,-27.657,28.5957,-19.4416,-21.277,-11.4129,-1.4904
2026-04-09,303,-27.3062,28.2449,-19.0908,-21.752,-11.5462,-1.0741
2026-04-10,304,-28.1497,29.0885,-19.9295,-22.2919,-11.9109,-0.7881
2026-04-13,305,-28.033,28.9718,-19.8392,-22.4026,-12.027,-0.7587
2026-04-14,305,-28.033,28.9718,-19.8392,-22.4026,-12.027,-0.7587
2026-04-15,308,-28.6217,29.5604,-20.4306,-22.9275,-11.8879,-0.9037
2026-04-16,310,-28.4525,29.3913,-20.2507,-23.089,-11.8329,-1.449
2026-04-17,312,-29.4405,30.3793,-21.2334,-22.959,-11.9875,-0.8579
2026-04-20,312,-29.4405,30.3793,-21.2334,-22.959,-11.9875,-0.8579
2026-04-21,314,-30.6811,31.6198,-22.4946,-22.7266,-11.9334,-1.0908
2026-04-22,317,-31.6465,32.5852,-23.3056,-22.6035,-11.7422,-1.3139
2026-04-23,319,-31.3261,32.2648,-22.9353,-22.9203,-11.686,-1.783
2026-04-24,320,-30.2598,31.1985,-21.869,-22.8961,-11.7055,-1.8929
2026-04-27,324,-31.5826,32.5214,-23.1888,-23.0005,-11.5522,-1.7468
2026-04-28,327,-31.7931,32.7318,-23.3934,-22.8355,-12.2245,-1.7844
2026-04-29,331,-31.857,32.7958,-23.4943,-23.7673,-12.8303,-0.8724
2026-04-30,333,-31.3511,32.2899,-22.9326,-24.3101,-12.3263,0.7226
2026-05-01,335,-31.0692,32.008,-22.6588,-23.927,-12.7326,0.0124
2026-05-04,336,-31.4354,32.3742,-23.0164,-23.6986,-12.9382,0.364
2026-05-05,341,-31.8046,32.7434,-23.3194,-24.021,-12.9727,-0.4329
2026-05-06,344,-32.5356,33.4743,-24.1247,-24.7286,-13.3419,-0.4001
2026-05-07,346,-33.1068,34.0456,-24.6999,-24.3367,-13.8405,-0.9403
2026-05-08,352,-32.0178,32.9565,-23.4185,-25.0225,-12.8596,0.2295
2026-05-11,354,-32.3921,33.3309,-23.7456,-25.09,-12.9496,-0.1831
2026-05-12,356,-34.1899,35.1286,-25.4531,-26.8396,-13.533,0.1534
2026-05-13,360,-34.2726,35.2114,-25.365,-27.0979,-13.2952,0.7536
2026-05-14,362,-34.5677,35.5064,-25.661,-27.367,-13.4529,-0.3044
2026-05-15,365,-33.9869,34.9257,-24.9032,-28.1636,-13.5593,0.5007
2026-05-18,366,-34.3609,35.2996,-25.3153,-28.3857,-13.7847,0.7148
2026-05-19,366,-34.3609,35.2996,-25.3153,-28.3857,-13.7847,0.7148
2026-05-20,369,-36.0579,36.9967,-26.8114,-29.3179,-13.8239,0.3365
2026-05-21,369,-36.0579,36.9967,-26.8114,-29.3179,-13.8239,0.3365
2026-05-22,371,-36.5052,37.4439,-27.2426,-29.015,-13.9218,0.0267
2026-05-26,372,-36.9071,37.8459,-27.6666,-28.8527,-13.9356,0.2536
2026-05-27,377,-38.9653,39.9041,-29.7064,-28.3987,-14.5354,0.0715
2026-05-28,378,-38.3183,39.2571,-29.054,-28.831,-14.4846,-0.2904
2026-05-29,379,-38.2479,39.1867,-28.9962,-28.883,-14.4833,-0.3918
2026-06-01,379,-38.2479,39.1867,-28.9962,-28.883,-14.4833,-0.3918
2026-06-02,382,-38.2798,39.2186,-28.95,-29.2357,-14.5795,-0.3354
2026-06-03,385,-39.4224,40.3612,-30.0518,-29.1578,-14.9196,-0.6556
2026-06-04,387,-39.0583,39.9971,-29.6563,-28.7816,-15.0435,-1.2522
2026-06-05,387,-39.0583,39.9971,-29.6563,-28.7816,-15.0435,-1.2522
2026-06-08,389,-38.8495,39.7882,-29.2813,-28.5704,-15.0542,-0.7869
2026-06-09,390,-39.8805,40.8192,-30.3113,-29.4107,-15.1859,-1.7651
2026-06-10,393,-39.5868,40.5256,-30.0187,-29.8386,-15.1703,-2.1638
2026-06-11,396,-39.7092,40.6479,-30.1499,-29.5683,-15.3315,-1.9655
2026-06-12,396,-39.7092,40.6479,-30.1499,-29.5683,-15.3315,-1.9655
2026-06-15,397,-38.9354,39.8741,-29.38,-29.9198,-15.3947,-2.3955
2026-06-16,399,-37.7674,38.7062,-28.151,-30.3845,-15.9718,-2.2938
2026-06-17,402,-37.8588,38.7976,-27.9986,-30.3917,-16.1829,-1.7298
2026-06-18,403,-38.4365,39.3753,-28.5357,-30.4836,-16.2326,-1.5386
2026-06-22,407,-38.0311,38.9698,-28.1215,-31.1864,-16.4046,-1.6229
2026-06-23,409,-38.5519,39.4906,-28.6448,-31.1829,-16.2451,-1.713
2026-06-24,411,-39.5013,40.4401,-29.5957,-32.0823,-16.8385,-1.9234
2026-06-25,413,-39.7416,40.6804,-29.854,-31.9854,-16.919,-2.21
2026-06-26,413,-39.7416,40.6804,-29.854,-31.9854,-16.919,-2.21
2026-06-29,414,-39.6847,40.6234,-29.8172,-32.0783,-16.9331,-2.1445
2026-06-30,415,-40.0983,41.0371,-30.2127,-32.3037,-17.0516,-2.3904
2026-07-01,418,-40.3571,41.2958,-30.4777,-32.1276,-17.0247,-2.4353
2026-07-02,418,-40.3571,41.2958,-30.4777,-32.1276,-17.0247,-2.4353
2026-07-06,421,-42.2411,43.1799,-32.2942,-32.4678,-16.9015,-1.8662
2026-07-07,422,-42.4808,43.4195,-32.5404,-32.6852,-17.2101,-2.3345
2026-07-08,422,-42.4808,43.4195,-32.5404,-32.6852,-17.2101,-2.3345
2026-07-09,424,-43.0134,43.9522,-32.9938,-33.5894,-16.9575,-3.0147
2026-07-10,427,-43.9884,44.9272,-33.9828,-34.0779,-16.7588,-2.9868
2026-07-13,433,-44.765,45.7038,-34.6526,-35.0746,-17.5192,-2.0529
2026-07-14,433,-44.765,45.7038,-34.6526,-35.0746,-17.5192,-2.0529
2026-07-15,434,-44.5117,45.4505,-34.3992,-34.4708,-17.503,-2.0802
2026-07-16,437,-45.2833,46.222,-35.171,-34.14,-17.3953,-2.4486
2026-07-17,440,-46.6542,47.5929,-36.5305,-32.35,-18.1235,-0.4863
2026-07-20,443,-48.107,49.0457,-37.8931,-32.3106,-18.0071,-0.7071
2026-07-21,444,-47.9253,48.864,-37.6962,-32.3465,-18.2387,-0.7065
2026-07-22,450,-48.0544,48.9931,-37.8186,-32.7151,-18.7738,-0.6262
2026-07-23,451,-48.4418,49.3805,-38.1945,-33.1411,-18.764,-0.6525
2026-07-24,454,-48.5635,49.5022,-38.5583,-33.2757,-18.6976,-1.2079
2026-07-27,454,-48.5635,49.5022,-38.5583,-33.2757,-18.6976,-1.2079
2026-07-28,456,-49.3834,50.3222,-39.3774,-33.5761,-19.361,-1.8536
2026-07-29,458,-50.2239,51.1627,-40.169,-33.6814,-19.5511,-1.8892
2026-07-30,462,-51.6252,52.564,-41.5525,-34.1445,-19.5125,-1.7631
2026-07-31,462,-51.6252,52.564,-41.5525,-34.1445,-19.5125,-1.7631
2026-08-03,465,-51.1378,52.0766,-40.9611,-34.709,-19.7322,-0.9971
2026-08-04,465,-51.1378,52.0766,-40.9611,-34.709,-19.7322,-0.9971
2026-08-05,465,-51.1378,52.0766,-40.9611,-34.709,-19.7322,-0.9971
2026-08-06,468,-50.9999,51.9387,-40.874,-35.6224,-18.9717,-1.5504
2026-08-07,470,-50.2219,51.1607,-40.1355,-36.321,-19.0902,-1.9112
2026-08-10,473,-50.9174,51.8562,-40.8231,-35.7662,-18.7794,-0.9397
2026-08-11,473,-50.9174,51.8562,-40.8231,-35.7662,-18.7794,-0.9397
2026-08-12,474,-50.7832,51.7219,-40.6661,-35.9271,-18.8029,-1.2226
2026-08-13,479,-48.4998,49.4386,-38.4852,-36.0183,-18.5162,-1.1562
2026-08-14,481,-48.7803,49.719,-38.8521,-36.66,-18.8905,-0.5662
2026-08-17,482,-49.3682,50.3069,-39.4615,-36.4507,-18.8685,-0.3334
2026-08-18,483,-50.4011,51.3399,-40.4915,-35.4493,-19.5958,-1.3634
2026-08-19,485,-50.631,51.5698,-40.6794,-35.2982,-19.768,-1.4083
2026-08-20,489,-50.9096,51.8484,-40.8065,-35.7367,-19.3168,-2.3807
2026-08-21,490,-51.0094,51.9482,-40.9062,-35.8587,-19.2478,-2.4128
2026-08-24,494,-51.8163,52.7551,-41.5712,-35.5764,-19.3803,-2.8498
2026-08-25,496,-52.0121,52.9508,-41.7599,-35.7697,-19.457,-2.6271
2026-08-26,496,-52.0121,52.9508,-41.7599,-35.7697,-19.457,-2.6271
2026-08-27,498,-53.0587,53.9975,-42.7299,-35.4786,-19.3265,-2.12
2026-08-28,500,-53.1629,54.1017,-42.8129,-35.6111,-19.4848,-1.9631
2026-08-31,505,-51.1763,52.115,-40.806,-35.5179,-19.8659,-2.067
2026-09-01,506,-51.2832,52.222,-40.8925,-35.6327,-19.9082,-2.0764
2026-09-02,508,-51.25,52.1887,-40.8562,-35.9635,-19.6017,-2.8259
2026-09-03,511,-50.4273,51.3661,-39.9897,-36.5218,-19.4809,-3.576
2026-09-04,512,-50.5079,51.4466,-39.9834,-36.8576,-19.743,-3.5548
2026-09-08,515,-51.6292,52.568,-41.1581,-37.6364,-20.013,-3.5118
2026-09-09,515,-51.6292,52.568,-41.1581,-37.6364,-20.013,-3.5118
2026-09-10,516,-51.314,52.2528,-40.8163,-37.1773,-19.5508,-3.7589
2026-09-11,518,-51.5924,52.5312,-41.1395,-36.8433,-19.8015,-4.1229
2026-09-14,518,-51.5924,52.5312,-41.1395,-36.8433,-19.8015,-4.1229
2026-09-15,521,-51.6214,52.5602,-41.1746,-37.2252,-19.7786,-3.5636
2026-09-16,522,-50.7247,51.6635,-40.281,-37.4696,-20.4093,-3.093
2026-09-17,527,-51.5024,52.4411,-40.9153,-37.2878,-20.9635,-3.4894
2026-09-18,529,-51.228,52.1667,-41.1273,-37.3208,-20.9878,-3.4015
2026-09-21,530,-50.8444,51.7831,-40.7464,-37.5356,-20.5934,-3.4392
2026-09-22,531,-50.9758,51.9145,-40.8754,-37.5546,-20.6145,-3.3922
2026-09-23,534,-50.228,51.1667,-40.1297,-37.7867,-20.9684,-3.8537
2026-09-24,538,-50.6378,51.5765,-40.5231,-38.2213,-21.271,-3.4903
2026-09-25,540,-50.4609,51.3997,-40.3418,-39.0708,-21.7399,-4.1008
2026-09-28,541,-49.4545,50.3933,-39.3714,-38.3251,-21.5216,-3.3074
2026-09-29,543,-50.1905,51.1293,-40.1129,-37.7629,-21.5872,-3.687
2026-09-30,547,-48.6787,49.6174,-38.6017,-38.6305,-21.6149,-3.7497
