lauf,trades,r_summe_nach_kosten,erwartungswert_r
1,543,-24.3954,-0.0449
2,543,-1.7549,-0.0032
3,543,-9.765,-0.018
4,543,-17.6266,-0.0325
5,543,-44.794,-0.0825
6,543,-5.3979,-0.0099
7,543,-24.159,-0.0445
8,543,-11.3647,-0.0209
9,543,-6.6294,-0.0122
10,543,-11.4923,-0.0212
11,543,-40.4786,-0.0745
12,543,-22.8879,-0.0422
13,543,-11.2196,-0.0207
14,543,4.1014,0.0076
15,543,-18.926,-0.0349
16,543,-33.1518,-0.0611
17,543,-24.5174,-0.0452
18,543,-9.9474,-0.0183
19,543,-22.1683,-0.0408
20,543,-8.3594,-0.0154
21,543,-14.0555,-0.0259
22,543,-41.1066,-0.0757
23,543,-5.5017,-0.0101
24,543,-37.2536,-0.0686
25,543,0.6499,0.0012
26,543,-20.9217,-0.0385
27,543,-12.0041,-0.0221
28,543,-11.7224,-0.0216
29,543,-18.4767,-0.034
30,543,1.3502,0.0025
31,543,-17.7791,-0.0327
32,543,-24.5425,-0.0452
33,543,-29.5257,-0.0544
34,543,-17.8991,-0.033
35,543,-21.0783,-0.0388
36,543,-21.516,-0.0396
37,543,-14.6528,-0.027
38,543,-20.7474,-0.0382
39,543,-17.2772,-0.0318
40,543,-24.493,-0.0451
41,543,-49.6668,-0.0915
42,543,-28.6625,-0.0528
43,543,-23.5338,-0.0433
44,543,-41.3954,-0.0762
45,543,-20.9613,-0.0386
46,543,-28.356,-0.0522
47,543,-3.9365,-0.0072
48,543,-23.7791,-0.0438
49,543,-18.6667,-0.0344
50,543,-31.4933,-0.058
51,543,-29.6476,-0.0546
52,543,-8.3803,-0.0154
53,543,-18.6412,-0.0343
54,543,-21.6158,-0.0398
55,543,-14.5384,-0.0268
56,543,2.6767,0.0049
57,543,-11.3901,-0.021
58,543,-27.7689,-0.0511
59,543,-20.4501,-0.0377
60,543,-35.1157,-0.0647
61,543,-23.9961,-0.0442
62,543,-21.772,-0.0401
63,543,-35.4762,-0.0653
64,543,-28.3522,-0.0522
65,543,-7.2853,-0.0134
66,543,-27.6332,-0.0509
67,543,-19.1132,-0.0352
68,543,-27.9213,-0.0514
69,543,-12.7042,-0.0234
70,543,-24.5894,-0.0453
71,543,-12.4584,-0.0229
72,543,-2.3022,-0.0042
73,543,7.7291,0.0142
74,543,-39.3677,-0.0725
75,543,-19.9874,-0.0368
76,543,-20.2234,-0.0372
77,543,-38.111,-0.0702
78,543,-18.3066,-0.0337
79,543,-18.5776,-0.0342
80,543,-13.2419,-0.0244
81,543,-67.4968,-0.1243
82,543,-7.1472,-0.0132
83,543,-13.353,-0.0246
84,543,-30.4387,-0.0561
85,543,-51.6605,-0.0951
86,543,10.1903,0.0188
87,543,-32.226,-0.0593
88,543,-21.6292,-0.0398
89,543,-23.0886,-0.0425
90,543,-8.8059,-0.0162
91,543,-26.4658,-0.0487
92,543,-15.1831,-0.028
93,543,-24.3357,-0.0448
94,543,-0.9535,-0.0018
95,543,-10.4115,-0.0192
96,543,-23.7065,-0.0437
97,543,-4.3392,-0.008
98,543,-22.7589,-0.0419
99,543,-17.446,-0.0321
100,543,-22.8584,-0.0421
