kerze_ny,symbol,muster,seite,live_entscheidung,replay_entscheidung,live_detail,replay_detail,live_kurs,replay_kurs,live_kursalter_s,replay_kursalter_s,gleich
2026-09-28 11:30,SNPS,HeadShouldersTop,short,skip-vol,skip-vol,0.72,0.72,,,,,ja
2026-09-28 11:45,CI,DescendingTriangle,short,skip-vol,skip-vol,0.14,0.14,,,,,ja
2026-09-28 11:45,DIS,DoubleTop,short,skip-vol,skip-vol,0.68,0.68,,,,,ja
2026-09-28 11:45,ELV,DoubleTop,short,skip-vol,skip-vol,0.73,0.73,,,,,ja
2026-09-28 11:45,SPGI,DescendingTriangle,short,skip-vol,skip-vol,1.23,1.23,,,,,ja
2026-09-28 11:45,TJX,DoubleTop,short,skip-vol,skip-vol,0.61,0.61,,,,,ja
2026-09-28 11:45,TMO,AscendingTriangle,long,skip-vol,skip-vol,0.60,0.60,,,,,ja
2026-09-28 12:00,ROP,DescendingTriangle,short,skip-vol,skip-vol,0.65,0.65,,,,,ja
2026-09-28 12:15,ABBV,AscendingTriangle,long,skip-vol,skip-vol,1.31,1.31,,,,,ja
2026-09-28 12:15,AMGN,AscendingTriangle,long,skip-vol,skip-vol,0.56,0.56,,,,,ja
2026-09-28 12:15,AMGN,DoubleBottom,long,skip-vol,skip-vol,0.56,0.56,,,,,ja
2026-09-28 12:15,FISV,DoubleBottom,long,skip-vol,skip-vol,0.79,0.79,,,,,ja
2026-09-28 12:15,GWW,InverseHeadShoulders,long,skip-vol,skip-vol,0.53,0.53,,,,,ja
2026-09-28 12:15,HIG,InverseHeadShoulders,long,skip-vol,skip-vol,1.33,1.33,,,,,ja
2026-09-28 12:15,PFE,DoubleBottom,long,skip-vol,skip-vol,0.45,0.45,,,,,ja
2026-09-28 12:15,PFE,InverseHeadShoulders,long,skip-vol,skip-vol,0.45,0.45,,,,,ja
2026-09-28 12:15,PG,DoubleBottom,long,skip-vol,skip-vol,0.90,0.90,,,,,ja
2026-09-28 12:15,PG,InverseHeadShoulders,long,skip-vol,skip-vol,0.90,0.90,,,,,ja
2026-09-28 12:15,SYK,DoubleBottom,long,skip-vol,skip-vol,0.71,0.71,,,,,ja
2026-09-28 12:15,SYK,InverseHeadShoulders,long,skip-vol,skip-vol,0.71,0.71,,,,,ja
2026-09-28 12:30,ABBV,DoubleBottom,long,skip-vol,skip-vol,0.22,0.22,,,,,ja
2026-09-28 12:30,BLK,HeadShouldersTop,short,skip-vol,skip-vol,0.40,0.40,,,,,ja
2026-09-28 12:30,CVX,DoubleBottom,long,skip-vol,skip-vol,0.81,0.81,,,,,ja
2026-09-28 12:30,LLY,AscendingTriangle,long,skip-vol,skip-vol,1.25,1.25,,,,,ja
2026-09-28 12:30,LLY,DoubleBottom,long,skip-vol,skip-vol,1.25,1.25,,,,,ja
2026-09-28 12:30,LLY,Rectangle,long,skip-vol,skip-vol,1.25,1.25,,,,,ja
2026-09-28 12:30,LRCX,DoubleTop,short,skip-vol,skip-vol,0.38,0.38,,,,,ja
2026-09-28 12:30,ROP,DescendingTriangle,short,skip-vol,skip-vol,0.42,0.42,,,,,ja
2026-09-28 12:30,SNPS,HeadShouldersTop,short,skip-vol,skip-vol,0.33,0.33,,,,,ja
2026-09-28 12:45,AFL,InverseHeadShoulders,long,skip-vol,skip-vol,0.12,0.12,,,,,ja
2026-09-28 12:45,AVGO,DoubleTop,short,skip-vol,skip-vol,0.31,0.31,,,,,ja
2026-09-28 12:45,ITW,DoubleTop,short,skip-vol,skip-vol,0.39,0.39,,,,,ja
2026-09-28 12:45,ITW,HeadShouldersTop,short,skip-vol,skip-vol,0.39,0.39,,,,,ja
2026-09-28 12:45,PG,DoubleBottom,long,skip-vol,skip-vol,0.53,0.53,,,,,ja
2026-09-28 12:45,PG,InverseHeadShoulders,long,skip-vol,skip-vol,0.53,0.53,,,,,ja
2026-09-28 13:00,AMZN,DoubleBottom,long,skip-vol,skip-vol,0.77,0.77,,,,,ja
2026-09-28 13:00,FISV,DoubleBottom,long,skip-vol,skip-vol,1.19,1.19,,,,,ja
2026-09-28 13:00,GWW,DoubleBottom,long,skip-vol,skip-vol,0.75,0.75,,,,,ja
2026-09-28 13:00,GWW,InverseHeadShoulders,long,skip-vol,skip-vol,0.75,0.75,,,,,ja
2026-09-28 13:00,LLY,AscendingTriangle,long,skip-vol,skip-vol,0.58,0.58,,,,,ja
2026-09-28 13:00,PFE,InverseHeadShoulders,long,skip-vol,skip-vol,0.60,0.60,,,,,ja
2026-09-28 13:00,PM,DoubleBottom,long,skip-vol,skip-vol,0.76,0.76,,,,,ja
2026-09-28 13:00,TXN,DoubleBottom,long,skip-vol,skip-vol,0.43,0.43,,,,,ja
2026-09-28 13:15,BLK,HeadShouldersTop,short,skip-vol,skip-vol,0.38,0.38,,,,,ja
2026-09-28 13:15,CI,DescendingTriangle,short,skip-vol,skip-vol,0.47,0.47,,,,,ja
2026-09-28 13:15,CI,HeadShouldersTop,short,skip-vol,skip-vol,0.47,0.47,,,,,ja
2026-09-28 13:30,CB,DescendingTriangle,short,skip-vol,skip-vol,0.47,0.47,,,,,ja
2026-09-28 13:30,MCK,DoubleTop,short,skip-vol,skip-vol,1.01,1.01,,,,,ja
2026-09-28 13:30,SYK,DoubleBottom,long,skip-chase,skip-chase,runaway,runaway,276.19,276.19,,16.763481,ja
2026-09-28 13:30,SYK,InverseHeadShoulders,long,skip-chase,skip-chase,runaway,runaway,276.19,276.19,,16.616637,ja
2026-09-28 13:45,AFL,InverseHeadShoulders,long,skip-vol,skip-vol,0.62,0.62,,,,,ja
2026-09-28 13:45,ELV,DoubleTop,short,skip-vol,skip-vol,0.69,0.69,,,,,ja
2026-09-28 13:45,FIS,DescendingTriangle,short,skip-vol,skip-vol,0.50,0.50,,,,,ja
2026-09-28 13:45,PFE,DoubleBottom,long,skip-vol,skip-vol,0.22,0.22,,,,,ja
2026-09-28 13:45,PFE,InverseHeadShoulders,long,skip-vol,skip-vol,0.22,0.22,,,,,ja
2026-09-28 13:45,PG,DoubleBottom,long,skip-vol,skip-vol,0.61,0.61,,,,,ja
2026-09-28 13:45,PG,InverseHeadShoulders,long,skip-vol,skip-vol,0.61,0.61,,,,,ja
2026-09-28 13:45,TMO,AscendingTriangle,long,skip-vol,skip-vol,0.59,0.59,,,,,ja
2026-09-28 14:00,ADP,DoubleTop,short,skip-vol,skip-vol,0.49,0.49,,,,,ja
2026-09-28 14:00,ISRG,AscendingTriangle,long,skip-vol,skip-vol,0.61,0.61,,,,,ja
2026-09-28 14:00,LIN,DoubleBottom,long,skip-vol,skip-vol,0.49,0.49,,,,,ja
2026-09-28 14:00,MCD,DescendingTriangle,short,skip-vol,skip-vol,0.51,0.51,,,,,ja
2026-09-28 14:00,PFE,AscendingTriangle,long,skip-vol,skip-vol,0.28,0.28,,,,,ja
2026-09-28 14:15,AMGN,DoubleBottom,long,skip-vol,skip-vol,0.58,0.58,,,,,ja
2026-09-28 14:15,EOG,DoubleTop,short,skip-vol,skip-vol,0.53,0.53,,,,,ja
2026-09-28 14:15,GILD,AscendingTriangle,long,skip-vol,skip-vol,0.84,0.84,,,,,ja
2026-09-28 14:15,GILD,DoubleBottom,long,skip-vol,skip-vol,0.84,0.84,,,,,ja
2026-09-28 14:15,NFLX,HeadShouldersTop,short,skip-vol,skip-vol,0.53,0.53,,,,,ja
2026-09-28 14:15,PM,DoubleBottom,long,skip-vol,skip-vol,1.23,1.23,,,,,ja
2026-09-28 14:15,WM,DoubleTop,short,skip-vol,skip-vol,1.00,1.00,,,,,ja
2026-09-28 14:30,AIG,DoubleTop,short,skip-vol,skip-vol,1.40,1.40,,,,,ja
2026-09-28 14:30,C,DoubleTop,short,skip-dup,skip-dup,Symbol hat schon Position oder Order,Symbol hat schon Position oder Order,,,,,ja
2026-09-28 14:30,C,HeadShouldersTop,short,order,order,,,132.335,132.335,,12.248835,ja
2026-09-28 14:30,JNJ,DoubleTop,short,skip-vol,skip-vol,0.33,0.33,,,,,ja
2026-09-28 14:30,KO,DoubleBottom,long,skip-vol,skip-vol,0.63,0.63,,,,,ja
2026-09-28 14:30,MSFT,AscendingTriangle,long,skip-vol,skip-vol,0.63,0.63,,,,,ja
2026-09-28 14:30,PANW,AscendingTriangle,long,skip-vol,skip-vol,1.35,1.35,,,,,ja
2026-09-28 14:30,PANW,Rectangle,long,skip-vol,skip-vol,1.35,1.35,,,,,ja
2026-09-28 14:30,PEP,DoubleBottom,long,skip-vol,skip-vol,1.28,1.28,,,,,ja
2026-09-28 14:30,PFE,DoubleBottom,long,skip-vol,skip-vol,0.25,0.25,,,,,ja
2026-09-28 14:30,VZ,DoubleBottom,long,skip-vol,skip-vol,0.68,0.68,,,,,ja
2026-09-28 14:45,AAPL,DoubleTop,short,skip-vol,skip-vol,0.60,0.60,,,,,ja
2026-09-28 14:45,AAPL,HeadShouldersTop,short,skip-vol,skip-vol,0.60,0.60,,,,,ja
2026-09-28 14:45,AIG,DescendingTriangle,short,skip-vol,skip-vol,1.11,1.11,,,,,ja
2026-09-28 14:45,AIG,Rectangle,short,skip-vol,skip-vol,1.11,1.11,,,,,ja
2026-09-28 14:45,CME,DoubleTop,short,skip-vol,skip-vol,0.92,0.92,,,,,ja
2026-09-28 14:45,COF,DescendingTriangle,short,skip-vol,skip-vol,0.39,0.39,,,,,ja
2026-09-28 14:45,CVS,DescendingTriangle,short,skip-vol,skip-vol,0.56,0.56,,,,,ja
2026-09-28 14:45,PM,AscendingTriangle,long,skip-vol,skip-vol,0.88,0.88,,,,,ja
2026-09-28 14:45,ZTS,DoubleBottom,long,skip-vol,skip-vol,0.88,0.88,,,,,ja
2026-09-28 15:00,AFL,DoubleTop,short,skip-vol,skip-vol,1.30,1.30,,,,,ja
2026-09-28 15:00,AMGN,AscendingTriangle,long,skip-vol,skip-vol,1.33,1.33,,,,,ja
2026-09-28 15:00,APD,DoubleTop,short,skip-vol,skip-vol,1.00,1.00,,,,,ja
2026-09-28 15:00,COF,DoubleTop,short,skip-vol,skip-vol,0.51,0.51,,,,,ja
2026-09-28 15:00,GS,DescendingTriangle,short,skip-vol,skip-vol,0.61,0.61,,,,,ja
2026-09-28 15:00,ICE,DoubleTop,short,skip-vol,skip-vol,0.37,0.37,,,,,ja
2026-09-28 15:00,ICE,HeadShouldersTop,short,skip-vol,skip-vol,0.37,0.37,,,,,ja
2026-09-28 15:00,MS,DescendingTriangle,short,skip-vol,skip-vol,1.04,1.04,,,,,ja
2026-09-28 15:00,NFLX,HeadShouldersTop,short,skip-vol,skip-vol,1.08,1.08,,,,,ja
2026-09-28 15:00,PG,AscendingTriangle,long,skip-vol,skip-vol,0.91,0.91,,,,,ja
2026-09-28 15:00,PM,DoubleBottom,long,skip-vol,skip-vol,1.17,1.17,,,,,ja
2026-09-28 15:00,PM,Rectangle,long,skip-vol,skip-vol,1.17,1.17,,,,,ja
2026-09-28 15:00,TFC,DescendingTriangle,short,skip-vol,skip-vol,1.20,1.20,,,,,ja
2026-09-28 15:00,USB,DescendingTriangle,short,skip-vol,skip-vol,1.19,1.19,,,,,ja
2026-09-29 09:30,ACN,DoubleTop,short,skip-vol,skip-vol,1.39,1.39,,,,,ja
2026-09-29 09:30,AFL,DescendingTriangle,short,skip-vol,skip-vol,0.78,0.78,,,,,ja
2026-09-29 09:30,ELV,HeadShouldersTop,short,skip-vol,skip-vol,0.72,0.72,,,,,ja
2026-09-29 09:30,FISV,DescendingTriangle,short,skip-vol,skip-vol,0.22,0.22,,,,,ja
2026-09-29 09:30,GS,DescendingTriangle,short,skip-stale,skip-stale,159s,159s,913.09,913.09,,158.578002,ja
2026-09-29 09:30,HIG,DoubleBottom,long,skip-vol,skip-vol,0.34,0.34,,,,,ja
2026-09-29 09:30,MO,HeadShouldersTop,short,skip-vol,skip-vol,1.32,1.32,,,,,ja
2026-09-29 09:30,TT,DoubleBottom,long,skip-vol,skip-vol,0.70,0.70,,,,,ja
2026-09-29 09:30,UNH,Rectangle,short,skip-chase,skip-chase,runaway,runaway,373.845,373.845,,32.80533,ja
2026-09-29 09:45,AFL,HeadShouldersTop,short,skip-chase,skip-chase,runaway,runaway,113.08,113.08,,11.988098,ja
2026-09-29 09:45,AMGN,AscendingTriangle,long,skip-vol,skip-vol,0.90,0.90,,,,,ja
2026-09-29 09:45,BSX,DoubleTop,short,skip-vol,skip-vol,0.75,0.75,,,,,ja
2026-09-29 09:45,CMCSA,DoubleTop,short,skip-vol,skip-vol,0.63,0.63,,,,,ja
2026-09-29 09:45,ICE,DoubleTop,short,skip-vol,skip-vol,0.21,0.21,,,,,ja
2026-09-29 09:45,ICE,HeadShouldersTop,short,skip-vol,skip-vol,0.21,0.21,,,,,ja
2026-09-29 09:45,MS,Rectangle,short,skip-chase,skip-chase,runaway,runaway,192.46,192.46,,4.087123,ja
2026-09-29 09:45,NSC,DescendingTriangle,short,skip-vol,skip-vol,0.18,0.18,,,,,ja
2026-09-29 09:45,SCHW,DescendingTriangle,short,skip-vol,skip-vol,0.90,0.90,,,,,ja
2026-09-29 10:00,GWW,DoubleBottom,long,skip-vol,skip-vol,0.22,0.22,,,,,ja
2026-09-29 10:00,NOW,AscendingTriangle,long,skip-vol,skip-vol,0.78,0.78,,,,,ja
2026-09-29 10:00,NOW,DoubleBottom,long,skip-vol,skip-vol,0.78,0.78,,,,,ja
2026-09-29 10:00,TGT,HeadShouldersTop,short,skip-vol,skip-vol,0.68,0.68,,,,,ja
2026-09-29 10:15,AJG,HeadShouldersTop,short,skip-vol,skip-vol,0.07,0.07,,,,,ja
2026-09-29 10:15,AMGN,DoubleTop,short,skip-vol,skip-vol,0.57,0.57,,,,,ja
2026-09-29 10:15,FISV,DoubleTop,short,skip-vol,skip-vol,0.50,0.50,,,,,ja
2026-09-29 10:15,GOOG,Rectangle,short,skip-vol,skip-vol,1.22,1.22,,,,,ja
2026-09-29 10:15,GOOGL,Rectangle,short,skip-chase,skip-chase,runaway,runaway,338.955,338.955,,3.297759,ja
2026-09-29 10:15,INTC,DoubleBottom,long,skip-vol,skip-vol,1.00,1.00,,,,,ja
2026-09-29 10:15,MDT,DoubleTop,short,skip-vol,skip-vol,0.74,0.74,,,,,ja
2026-09-29 10:15,ROK,Rectangle,short,skip-chase,skip-chase,failed,failed,428.51,428.51,,6.288468,ja
2026-09-29 10:15,USB,DescendingTriangle,short,skip-vol,skip-vol,1.41,1.41,,,,,ja
2026-09-29 10:15,WM,DescendingTriangle,short,skip-vol,skip-vol,0.35,0.35,,,,,ja
2026-09-29 10:30,MCD,DoubleBottom,long,skip-vol,skip-vol,0.96,0.96,,,,,ja
2026-09-29 10:30,TMUS,Rectangle,short,skip-vol,skip-vol,1.12,1.12,,,,,ja
2026-09-29 10:45,CMCSA,DescendingTriangle,short,skip-vol,skip-vol,0.34,0.34,,,,,ja
2026-09-29 10:45,HD,DescendingTriangle,short,skip-vol,skip-vol,0.75,0.75,,,,,ja
2026-09-29 10:45,JCI,DoubleBottom,long,skip-vol,skip-vol,0.19,0.19,,,,,ja
2026-09-29 10:45,USB,Rectangle,short,skip-chase,skip-chase,runaway,runaway,58.245,58.245,,7.041888,ja
2026-09-29 11:00,AAL,DoubleTop,short,skip-vol,skip-vol,0.56,0.56,,,,,ja
2026-09-29 11:00,ALL,Rectangle,short,skip-stale,skip-stale,80s,80s,224.795,224.795,,79.961672,ja
2026-09-29 11:00,AMGN,DoubleTop,short,skip-vol,skip-vol,0.57,0.57,,,,,ja
2026-09-29 11:00,COF,DoubleTop,short,skip-vol,skip-vol,0.31,0.31,,,,,ja
2026-09-29 11:00,MS,Rectangle,short,skip-vol,skip-vol,1.18,1.18,,,,,ja
2026-09-29 11:00,PCAR,DoubleTop,short,skip-vol,skip-vol,0.71,0.71,,,,,ja
2026-09-29 11:00,TRV,DoubleTop,short,skip-vol,skip-vol,0.95,0.95,,,,,ja
2026-09-29 11:00,TRV,HeadShouldersTop,short,skip-vol,skip-vol,0.95,0.95,,,,,ja
2026-09-29 11:00,UAL,DoubleTop,short,skip-vol,skip-vol,0.44,0.44,,,,,ja
2026-09-29 11:00,WFC,DoubleTop,short,skip-vol,skip-vol,0.51,0.51,,,,,ja
2026-09-29 11:15,CSCO,DescendingTriangle,short,skip-vol,skip-vol,0.90,0.90,,,,,ja
2026-09-29 11:15,ROP,Rectangle,short,skip-stale,skip-stale,105s,105s,347.66,347.66,,104.954487,ja
2026-09-29 11:30,ETN,DoubleBottom,long,skip-vol,skip-vol,0.43,0.43,,,,,ja
2026-09-29 11:45,AAL,DoubleTop,short,skip-rr,skip-rr,0.80,0.796,13.49,13.49,,0.783088,ja
2026-09-29 11:45,BSX,DescendingTriangle,short,skip-vol,skip-vol,0.65,0.65,,,,,ja
2026-09-29 11:45,COST,DoubleTop,short,skip-vol,skip-vol,0.70,0.70,,,,,ja
2026-09-29 11:45,KO,DoubleTop,short,skip-vol,skip-vol,0.55,0.55,,,,,ja
2026-09-29 11:45,UAL,DoubleTop,short,skip-vol,skip-vol,1.03,1.03,,,,,ja
2026-09-29 12:00,AFL,DescendingTriangle,short,skip-vol,skip-vol,0.07,0.07,,,,,ja
2026-09-29 12:00,AJG,HeadShouldersTop,short,skip-vol,skip-vol,0.45,0.45,,,,,ja
2026-09-29 12:00,CAT,DoubleTop,short,skip-vol,skip-vol,0.23,0.23,,,,,ja
2026-09-29 12:00,CI,DoubleBottom,long,skip-vol,skip-vol,0.80,0.80,,,,,ja
2026-09-29 12:00,FISV,DescendingTriangle,short,skip-vol,skip-vol,0.50,0.50,,,,,ja
2026-09-29 12:00,PRU,HeadShouldersTop,short,skip-vol,skip-vol,0.35,0.35,,,,,ja
2026-09-29 12:00,TRV,HeadShouldersTop,short,skip-vol,skip-vol,1.37,1.37,,,,,ja
2026-09-29 12:15,AFL,DoubleTop,short,skip-vol,skip-vol,0.37,0.37,,,,,ja
2026-09-29 12:15,CVS,DoubleTop,short,skip-vol,skip-vol,0.87,0.87,,,,,ja
2026-09-29 12:15,ROP,DoubleTop,short,skip-vol,skip-vol,0.86,0.86,,,,,ja
2026-09-29 12:15,SCHW,Rectangle,short,order,order,,,97.52,97.52,,2.344125,ja
2026-09-29 12:30,AAL,DescendingTriangle,short,skip-vol,skip-vol,0.80,0.80,,,,,ja
2026-09-29 12:30,AAL,HeadShouldersTop,short,skip-vol,skip-vol,0.80,0.80,,,,,ja
2026-09-29 12:30,ADBE,DescendingTriangle,short,skip-vol,skip-vol,1.12,1.12,,,,,ja
2026-09-29 12:30,BSX,DescendingTriangle,short,skip-vol,skip-vol,0.55,0.55,,,,,ja
2026-09-29 12:30,CMCSA,DoubleTop,short,skip-vol,skip-vol,0.32,0.32,,,,,ja
2026-09-29 12:30,GWW,DoubleTop,short,skip-vol,skip-vol,0.71,0.71,,,,,ja
2026-09-29 12:30,IR,DescendingTriangle,short,skip-vol,skip-vol,0.20,0.20,,,,,ja
2026-09-29 12:30,MPC,AscendingTriangle,long,skip-vol,skip-vol,0.34,0.34,,,,,ja
2026-09-29 12:30,MPC,InverseHeadShoulders,long,skip-vol,skip-vol,0.34,0.34,,,,,ja
2026-09-29 12:30,NOW,DoubleTop,short,skip-vol,skip-vol,0.14,0.14,,,,,ja
2026-09-29 12:30,TGT,HeadShouldersTop,short,skip-vol,skip-vol,0.97,0.97,,,,,ja
2026-09-29 12:45,IR,DoubleTop,short,skip-vol,skip-vol,0.20,0.20,,,,,ja
2026-09-29 12:45,SO,DoubleBottom,long,skip-vol,skip-vol,0.99,0.99,,,,,ja
2026-09-29 12:45,SO,InverseHeadShoulders,long,skip-vol,skip-vol,0.99,0.99,,,,,ja
2026-09-29 12:45,UAL,DoubleTop,short,skip-vol,skip-vol,0.41,0.41,,,,,ja
2026-09-29 12:45,UNH,DescendingTriangle,short,skip-vol,skip-vol,0.49,0.49,,,,,ja
2026-09-29 13:00,CARR,DoubleTop,short,skip-vol,skip-vol,1.30,1.30,,,,,ja
2026-09-29 13:00,PGR,DoubleBottom,long,skip-vol,skip-vol,0.21,0.21,,,,,ja
2026-09-29 13:00,ROP,DescendingTriangle,short,skip-vol,skip-vol,0.36,0.36,,,,,ja
2026-09-29 13:15,BSX,DescendingTriangle,short,skip-vol,skip-vol,0.51,0.51,,,,,ja
2026-09-29 13:15,DUK,InverseHeadShoulders,long,skip-vol,skip-vol,1.23,1.23,,,,,ja
2026-09-29 13:15,FIS,DescendingTriangle,short,skip-vol,skip-vol,0.21,0.21,,,,,ja
2026-09-29 13:30,ALL,DescendingTriangle,short,skip-vol,skip-vol,1.23,1.23,,,,,ja
2026-09-29 13:30,LIN,DoubleBottom,long,skip-vol,skip-vol,0.47,0.47,,,,,ja
2026-09-29 13:30,MCK,DoubleBottom,long,skip-vol,skip-vol,0.17,0.17,,,,,ja
2026-09-29 13:30,PRU,HeadShouldersTop,short,skip-vol,skip-vol,0.23,0.23,,,,,ja
2026-09-29 13:30,TJX,DoubleBottom,long,order,order,,,132.59,132.59,,3.250051,ja
2026-09-29 13:30,TT,DoubleBottom,long,skip-vol,skip-vol,0.71,0.71,,,,,ja
2026-09-29 13:30,VZ,DoubleTop,short,skip-vol,skip-vol,0.17,0.17,,,,,ja
2026-09-29 13:45,HCA,DoubleBottom,long,skip-vol,skip-vol,0.82,0.82,,,,,ja
2026-09-29 13:45,NVDA,HeadShouldersTop,short,skip-vol,skip-vol,0.79,0.79,,,,,ja
2026-09-29 13:45,VZ,HeadShouldersTop,short,skip-vol,skip-vol,0.37,0.37,,,,,ja
2026-09-29 13:45,XOM,DoubleBottom,long,skip-vol,skip-vol,0.74,0.74,,,,,ja
2026-09-29 14:00,FAST,DoubleTop,short,skip-vol,skip-vol,0.61,0.61,,,,,ja
2026-09-29 14:00,FAST,HeadShouldersTop,short,skip-vol,skip-vol,0.61,0.61,,,,,ja
2026-09-29 14:00,FIS,DescendingTriangle,short,skip-vol,skip-vol,0.49,0.49,,,,,ja
2026-09-29 14:00,GE,DoubleBottom,long,skip-vol,skip-vol,0.59,0.59,,,,,ja
2026-09-29 14:00,MPC,AscendingTriangle,long,skip-vol,skip-vol,0.42,0.42,,,,,ja
2026-09-29 14:00,PGR,DoubleBottom,long,skip-vol,skip-vol,0.58,0.58,,,,,ja
2026-09-29 14:00,T,HeadShouldersTop,short,skip-vol,skip-vol,0.46,0.46,,,,,ja
2026-09-29 14:00,UAL,DoubleBottom,long,skip-vol,skip-vol,0.68,0.68,,,,,ja
2026-09-29 14:00,ZTS,DescendingTriangle,short,skip-vol,skip-vol,0.49,0.49,,,,,ja
2026-09-29 14:15,ABBV,DoubleBottom,long,skip-vol,skip-vol,0.95,0.95,,,,,ja
2026-09-29 14:15,AIG,InverseHeadShoulders,long,skip-chase,skip-chase,runaway,runaway,75.23,75.23,,19.907837,ja
2026-09-29 14:15,APD,DescendingTriangle,short,skip-vol,skip-vol,0.82,0.82,,,,,ja
2026-09-29 14:15,COST,DoubleBottom,long,skip-vol,skip-vol,0.75,0.75,,,,,ja
2026-09-29 14:15,KO,DoubleBottom,long,skip-vol,skip-vol,0.57,0.57,,,,,ja
2026-09-29 14:15,NVDA,HeadShouldersTop,short,skip-vol,skip-vol,0.69,0.69,,,,,ja
2026-09-29 14:30,ISRG,DoubleBottom,long,skip-vol,skip-vol,1.38,1.38,,,,,ja
2026-09-29 14:30,MCK,DoubleBottom,long,skip-vol,skip-vol,0.28,0.28,,,,,ja
2026-09-29 14:30,PAYX,DoubleBottom,long,skip-vol,skip-vol,1.26,1.26,,,,,ja
2026-09-29 14:30,PYPL,DoubleBottom,long,skip-rs,skip-rs,0.12% vs 0.25%,0.12% vs 0.25%,,,,,ja
2026-09-29 14:30,REGN,DoubleBottom,long,skip-vol,skip-vol,1.29,1.29,,,,,ja
2026-09-29 14:45,ALL,DescendingTriangle,short,skip-vol,skip-vol,1.41,1.41,,,,,ja
2026-09-29 14:45,AMD,DoubleTop,short,skip-vol,skip-vol,0.50,0.50,,,,,ja
2026-09-29 14:45,COST,DoubleBottom,long,skip-vol,skip-vol,1.46,1.46,,,,,ja
2026-09-29 14:45,IR,DoubleBottom,long,skip-vol,skip-vol,1.01,1.01,,,,,ja
2026-09-29 15:00,ABBV,DoubleBottom,long,skip-vol,skip-vol,1.36,1.36,,,,,ja
2026-09-29 15:00,FAST,DoubleTop,short,skip-vol,skip-vol,0.74,0.74,,,,,ja
2026-09-29 15:00,FAST,HeadShouldersTop,short,skip-vol,skip-vol,0.74,0.74,,,,,ja
2026-09-29 15:00,INTC,DoubleTop,short,skip-vol,skip-vol,1.15,1.15,,,,,ja
2026-09-29 15:00,NVDA,HeadShouldersTop,short,skip-vol,skip-vol,0.66,0.66,,,,,ja
2026-09-29 15:00,TMO,AscendingTriangle,long,skip-vol,skip-vol,1.48,1.48,,,,,ja
2026-09-30 09:30,ABT,DescendingTriangle,short,skip-vol,skip-vol,0.81,0.81,,,,,ja
2026-09-30 09:30,ABT,DoubleTop,short,skip-vol,skip-vol,0.81,0.81,,,,,ja
2026-09-30 09:30,AVGO,DescendingTriangle,short,skip-spread,skip-spread,4.26,4.26,355.08,355.08,,4.934754,ja
2026-09-30 09:30,C,DescendingTriangle,short,skip-chase,skip-chase,failed,failed,130.955,130.955,,2.563506,ja
2026-09-30 09:30,CRM,Rectangle,long,order,order,,,230.79,230.79,,19.473193,ja
2026-09-30 09:30,FIS,Rectangle,short,skip-vol,skip-vol,1.39,1.39,,,,,ja
2026-09-30 09:30,HIG,DoubleTop,short,skip-chase,skip-chase,runaway,runaway,124.85,124.85,,5.537926,ja
2026-09-30 09:30,HIG,HeadShouldersTop,short,skip-chase,skip-chase,runaway,runaway,124.85,124.85,,5.401755,ja
2026-09-30 09:30,INTC,Rectangle,long,skip-chase,skip-chase,failed,failed,117.65,117.65,,0.426695,ja
2026-09-30 09:30,JPM,DescendingTriangle,short,skip-vol,skip-vol,1.27,1.27,,,,,ja
2026-09-30 09:30,KO,DoubleBottom,long,skip-vol,skip-vol,1.06,1.06,,,,,ja
2026-09-30 09:30,KO,InverseHeadShoulders,long,skip-vol,skip-vol,1.06,1.06,,,,,ja
2026-09-30 09:30,MET,AscendingTriangle,long,skip-vol,skip-vol,0.23,0.23,,,,,ja
2026-09-30 09:30,MPC,Rectangle,long,skip-stale,skip-stale,118s,118s,399.49,399.49,,118.335394,ja
2026-09-30 09:30,MS,Rectangle,short,skip-vol,skip-vol,1.19,1.19,,,,,ja
2026-09-30 09:30,MSFT,Rectangle,long,skip-chase,skip-chase,runaway,runaway,514.78,514.78,,5.079298,ja
2026-09-30 09:30,NFLX,DescendingTriangle,short,skip-vol,skip-vol,1.00,1.00,,,,,ja
2026-09-30 09:30,NOW,Rectangle,long,skip-chase,skip-chase,failed,failed,132.34,132.34,,0.678347,ja
2026-09-30 09:30,NSC,InverseHeadShoulders,long,skip-vol,skip-vol,0.13,0.13,,,,,ja
2026-09-30 09:30,ORCL,DescendingTriangle,short,skip-vol,skip-vol,1.24,1.24,,,,,ja
2026-09-30 09:30,SHW,DescendingTriangle,short,skip-vol,skip-vol,0.56,0.56,,,,,ja
2026-09-30 09:30,SLB,DescendingTriangle,short,skip-vol,skip-vol,0.47,0.47,,,,,ja
2026-09-30 09:30,TGT,InverseHeadShoulders,long,skip-vol,skip-vol,0.86,0.86,,,,,ja
2026-09-30 09:30,USB,DescendingTriangle,short,skip-vol,skip-vol,1.02,1.02,,,,,ja
2026-09-30 09:45,ALL,DescendingTriangle,short,skip-vol,skip-vol,1.34,1.34,,,,,ja
2026-09-30 09:45,ALL,HeadShouldersTop,short,skip-vol,skip-vol,1.34,1.34,,,,,ja
2026-09-30 09:45,ALL,Rectangle,short,skip-vol,skip-vol,1.34,1.34,,,,,ja
2026-09-30 09:45,BAC,DoubleTop,short,skip-vol,skip-vol,0.81,0.81,,,,,ja
2026-09-30 09:45,CDNS,InverseHeadShoulders,long,skip-vol,skip-vol,0.60,0.60,,,,,ja
2026-09-30 09:45,DE,DoubleBottom,long,skip-vol,skip-vol,0.80,0.80,,,,,ja
2026-09-30 09:45,HD,Rectangle,short,skip-vol,skip-vol,1.26,1.26,,,,,ja
2026-09-30 09:45,JCI,Rectangle,long,skip-chase,skip-chase,runaway,runaway,151.21,151.21,,17.354783,ja
2026-09-30 09:45,TMO,AscendingTriangle,long,skip-rs,skip-rs,0.64% vs 0.70%,0.64% vs 0.70%,,,,,ja
2026-09-30 09:45,USB,DoubleTop,short,skip-vol,skip-vol,0.95,0.95,,,,,ja
2026-09-30 10:00,AMD,HeadShouldersTop,short,skip-vol,skip-vol,0.97,0.97,,,,,ja
2026-09-30 10:00,NEM,DoubleBottom,long,skip-vol,skip-vol,0.29,0.29,,,,,ja
2026-09-30 10:00,NEM,InverseHeadShoulders,long,skip-vol,skip-vol,0.29,0.29,,,,,ja
2026-09-30 10:00,UBER,DoubleBottom,long,skip-rr,skip-rr,0.51,0.511,69.33,69.33,,7.087276,ja
2026-09-30 10:15,HD,Rectangle,short,skip-vol,skip-vol,1.29,1.29,,,,,ja
2026-09-30 10:15,PYPL,DoubleTop,short,skip-vol,skip-vol,0.74,0.74,,,,,ja
2026-09-30 10:15,SLB,DoubleTop,short,skip-vol,skip-vol,0.43,0.43,,,,,ja
2026-09-30 10:15,USB,DoubleTop,short,skip-vol,skip-vol,1.05,1.05,,,,,ja
2026-09-30 10:15,XOM,Rectangle,long,skip-vol,skip-vol,1.41,1.41,,,,,ja
2026-09-30 10:30,LLY,AscendingTriangle,long,skip-rs,skip-rs,0.16% vs 0.37%,0.16% vs 0.37%,,,,,ja
2026-09-30 10:30,SLB,DescendingTriangle,short,skip-vol,skip-vol,0.63,0.63,,,,,ja
2026-09-30 10:45,FISV,DoubleBottom,long,skip-vol,skip-vol,0.98,0.98,,,,,ja
2026-09-30 10:45,MCK,DoubleBottom,long,skip-vol,skip-vol,0.93,0.93,,,,,ja
2026-09-30 10:45,TT,DoubleBottom,long,skip-vol,skip-vol,1.35,1.35,,,,,ja
2026-09-30 10:45,XOM,Rectangle,long,skip-spread,skip-spread,1.10,1.10,162.76,162.76,,2.502869,ja
2026-09-30 11:00,HIG,Rectangle,short,skip-vol,skip-vol,1.37,1.37,,,,,ja
2026-09-30 11:00,MPC,Rectangle,long,skip-spread,skip-spread,20.53,20.53,400.74,400.74,,15.331031,ja
2026-09-30 11:00,USB,DoubleTop,short,skip-vol,skip-vol,0.85,0.85,,,,,ja
2026-09-30 11:30,AAL,Rectangle,short,skip-chase,skip-chase,runaway,runaway,13.325,13.325,24.823877,24.828503,ja
2026-09-30 11:30,BSX,DoubleBottom,long,skip-vol,skip-vol,1.34,1.34,,,,,ja
2026-09-30 11:30,CVX,AscendingTriangle,long,skip-vol,skip-vol,0.59,0.59,,,,,ja
2026-09-30 11:30,JPM,Rectangle,short,skip-vol,skip-vol,1.14,1.14,,,,,ja
2026-09-30 11:30,MS,Rectangle,short,order,order,,,190.49,190.49,44.83026,44.828725,ja
2026-09-30 11:30,OTIS,DoubleTop,short,skip-vol,skip-vol,0.25,0.25,,,,,ja
2026-09-30 11:30,PLD,Rectangle,short,skip-vol,skip-vol,1.18,1.18,,,,,ja
2026-09-30 11:30,SLB,DescendingTriangle,short,skip-vol,skip-vol,0.65,0.65,,,,,ja
2026-09-30 11:30,UAL,DescendingTriangle,short,skip-vol,skip-vol,0.60,0.60,,,,,ja
2026-09-30 11:30,UAL,DoubleTop,short,skip-vol,skip-vol,0.60,0.60,,,,,ja
2026-09-30 11:30,UAL,HeadShouldersTop,short,skip-vol,skip-vol,0.60,0.60,,,,,ja
2026-09-30 11:30,USB,DescendingTriangle,short,skip-vol,skip-vol,0.68,0.68,,,,,ja
2026-09-30 11:30,WFC,Rectangle,short,skip-vol,skip-vol,1.42,1.42,,,,,ja
2026-09-30 11:45,C,DoubleTop,short,skip-vol,skip-vol,0.95,0.95,,,,,ja
2026-09-30 11:45,GWW,DoubleBottom,long,skip-vol,skip-vol,0.42,0.42,,,,,ja
2026-09-30 11:45,META,AscendingTriangle,long,skip-vol,skip-vol,0.57,0.57,,,,,ja
2026-09-30 11:45,PFE,AscendingTriangle,long,skip-vol,skip-vol,1.38,1.38,,,,,ja
2026-09-30 11:45,VRTX,AscendingTriangle,long,skip-vol,skip-vol,1.33,1.33,,,,,ja
2026-09-30 11:45,VRTX,DoubleBottom,long,skip-vol,skip-vol,1.33,1.33,,,,,ja
2026-09-30 12:00,BSX,DoubleBottom,long,skip-vol,skip-vol,0.75,0.75,,,,,ja
2026-09-30 12:00,GOOG,DoubleBottom,long,skip-vol,skip-vol,0.84,0.84,,,,,ja
2026-09-30 12:00,PH,DoubleTop,short,skip-vol,skip-vol,0.93,0.93,,,,,ja
2026-09-30 12:00,PH,HeadShouldersTop,short,skip-vol,skip-vol,0.93,0.93,,,,,ja
2026-09-30 12:15,CVX,DoubleBottom,long,skip-vol,skip-vol,0.14,0.14,,,,,ja
2026-09-30 12:15,CVX,InverseHeadShoulders,long,skip-vol,skip-vol,0.14,0.14,,,,,ja
2026-09-30 12:15,DAL,DoubleTop,short,skip-vol,skip-vol,0.73,0.73,,,,,ja
2026-09-30 12:15,MA,DoubleTop,short,skip-vol,skip-vol,1.06,1.06,,,,,ja
2026-09-30 12:15,META,AscendingTriangle,long,skip-vol,skip-vol,0.71,0.71,,,,,ja
2026-09-30 12:15,UAL,DescendingTriangle,short,skip-vol,skip-vol,0.42,0.42,,,,,ja
2026-09-30 12:15,UAL,DoubleTop,short,skip-vol,skip-vol,0.42,0.42,,,,,ja
2026-09-30 12:15,UAL,HeadShouldersTop,short,skip-vol,skip-vol,0.42,0.42,,,,,ja
2026-09-30 12:15,WM,DoubleTop,short,skip-vol,skip-vol,0.17,0.17,,,,,ja
2026-09-30 12:30,BSX,DoubleBottom,long,skip-vol,skip-vol,0.85,0.85,,,,,ja
2026-09-30 12:30,CDNS,InverseHeadShoulders,long,skip-vol,skip-vol,0.08,0.08,,,,,ja
2026-09-30 12:30,EMR,DoubleTop,short,skip-rr,skip-rr,0.747,0.747,156.375,156.375,6.077475,6.057799,ja
2026-09-30 12:30,PH,HeadShouldersTop,short,skip-vol,skip-vol,0.94,0.94,,,,,ja
2026-09-30 12:30,TMO,DoubleBottom,long,skip-vol,skip-vol,0.33,0.33,,,,,ja
2026-09-30 12:45,CVS,DoubleBottom,long,skip-vol,skip-vol,0.37,0.37,,,,,ja
2026-09-30 12:45,DIS,DoubleTop,short,skip-vol,skip-vol,0.38,0.38,,,,,ja
2026-09-30 12:45,ELV,DoubleBottom,long,skip-vol,skip-vol,0.55,0.55,,,,,ja
2026-09-30 12:45,ELV,InverseHeadShoulders,long,skip-vol,skip-vol,0.55,0.55,,,,,ja
2026-09-30 12:45,HIG,DescendingTriangle,short,skip-vol,skip-vol,0.23,0.23,,,,,ja
2026-09-30 12:45,HIG,DoubleTop,short,skip-vol,skip-vol,0.23,0.23,,,,,ja
2026-09-30 12:45,HIG,HeadShouldersTop,short,skip-vol,skip-vol,0.23,0.23,,,,,ja
2026-09-30 12:45,NEM,DoubleTop,short,skip-vol,skip-vol,0.22,0.22,,,,,ja
2026-09-30 12:45,OTIS,DescendingTriangle,short,skip-vol,skip-vol,0.56,0.56,,,,,ja
2026-09-30 12:45,OTIS,DoubleTop,short,skip-vol,skip-vol,0.56,0.56,,,,,ja
2026-09-30 12:45,OTIS,HeadShouldersTop,short,skip-vol,skip-vol,0.56,0.56,,,,,ja
2026-09-30 12:45,PFE,DoubleBottom,long,skip-vol,skip-vol,0.37,0.37,,,,,ja
2026-09-30 12:45,SHW,HeadShouldersTop,short,skip-vol,skip-vol,0.75,0.75,,,,,ja
2026-09-30 13:00,BLK,DoubleTop,short,skip-vol,skip-vol,0.33,0.33,,,,,ja
2026-09-30 13:00,C,DoubleTop,short,skip-vol,skip-vol,0.53,0.53,,,,,ja
2026-09-30 13:00,LUV,DoubleTop,short,skip-vol,skip-vol,0.39,0.39,,,,,ja
2026-09-30 13:00,PFE,AscendingTriangle,long,skip-vol,skip-vol,0.82,0.82,,,,,ja
2026-09-30 13:00,QCOM,DoubleTop,short,skip-vol,skip-vol,1.29,1.29,,,,,ja
2026-09-30 13:00,TSLA,DoubleBottom,long,skip-vol,skip-vol,0.84,0.84,,,,,ja
2026-09-30 13:00,WM,DoubleTop,short,skip-vol,skip-vol,0.49,0.49,,,,,ja
2026-09-30 13:00,WMT,DescendingTriangle,short,skip-vol,skip-vol,0.29,0.29,,,,,ja
2026-09-30 13:15,AFL,DoubleTop,short,skip-vol,skip-vol,0.16,0.16,,,,,ja
2026-09-30 13:15,C,DescendingTriangle,short,skip-vol,skip-vol,0.78,0.78,,,,,ja
2026-09-30 13:15,FDX,DoubleTop,short,skip-vol,skip-vol,0.54,0.54,,,,,ja
2026-09-30 13:15,HIG,DescendingTriangle,short,skip-vol,skip-vol,1.09,1.09,,,,,ja
2026-09-30 13:15,MCD,DescendingTriangle,short,skip-vol,skip-vol,0.92,0.92,,,,,ja
2026-09-30 13:15,NFLX,DescendingTriangle,short,skip-vol,skip-vol,0.78,0.78,,,,,ja
2026-09-30 13:15,PAYX,DoubleBottom,long,skip-vol,skip-vol,0.44,0.44,,,,,ja
2026-09-30 13:15,TFC,DoubleTop,short,skip-vol,skip-vol,0.70,0.70,,,,,ja
2026-09-30 13:15,VZ,DoubleTop,short,skip-vol,skip-vol,0.93,0.93,,,,,ja
2026-09-30 13:30,ADI,AscendingTriangle,long,skip-vol,skip-vol,0.66,0.66,,,,,ja
2026-09-30 13:30,MO,DoubleTop,short,skip-vol,skip-vol,0.48,0.48,,,,,ja
2026-09-30 13:30,NVDA,DoubleTop,short,skip-vol,skip-vol,0.83,0.83,,,,,ja
2026-09-30 13:30,REGN,DoubleBottom,long,skip-vol,skip-vol,0.55,0.55,,,,,ja
2026-09-30 13:30,REGN,InverseHeadShoulders,long,skip-vol,skip-vol,0.55,0.55,,,,,ja
2026-09-30 13:30,SNPS,InverseHeadShoulders,long,skip-chase,skip-chase,runaway,runaway,433.25,433.25,0.098927,0.11227,ja
2026-09-30 13:30,TMO,AscendingTriangle,long,skip-vol,skip-vol,0.37,0.37,,,,,ja
2026-09-30 13:30,TMO,DoubleBottom,long,skip-vol,skip-vol,0.37,0.37,,,,,ja
2026-09-30 13:45,DIS,DoubleTop,short,skip-vol,skip-vol,0.40,0.40,,,,,ja
2026-09-30 13:45,LRCX,DoubleBottom,long,skip-vol,skip-vol,0.62,0.62,,,,,ja
2026-09-30 13:45,META,DoubleBottom,long,skip-vol,skip-vol,0.27,0.27,,,,,ja
2026-09-30 13:45,NEM,DoubleTop,short,skip-vol,skip-vol,0.34,0.34,,,,,ja
2026-09-30 13:45,NEM,HeadShouldersTop,short,skip-vol,skip-vol,0.34,0.34,,,,,ja
2026-09-30 13:45,PLD,DoubleTop,short,skip-vol,skip-vol,0.49,0.49,,,,,ja
2026-09-30 13:45,PLD,HeadShouldersTop,short,skip-vol,skip-vol,0.49,0.49,,,,,ja
2026-09-30 13:45,TFC,DoubleTop,short,skip-vol,skip-vol,0.57,0.57,,,,,ja
2026-09-30 13:45,UNP,DoubleTop,short,skip-vol,skip-vol,0.75,0.75,,,,,ja
2026-09-30 13:45,WM,DoubleTop,short,skip-vol,skip-vol,0.54,0.54,,,,,ja
2026-09-30 13:45,ZTS,HeadShouldersTop,short,order,order,,,69.955,69.955,33.062191,33.052964,ja
2026-09-30 13:45,ZTS,Rectangle,short,skip-dup,skip-dup,Symbol hat schon Position oder Order,Symbol hat schon Position oder Order,,,,,ja
2026-09-30 14:00,FIS,DoubleTop,short,skip-vol,skip-vol,0.90,0.90,,,,,ja
2026-09-30 14:00,GS,DescendingTriangle,short,skip-vol,skip-vol,0.84,0.84,,,,,ja
2026-09-30 14:00,HIG,DescendingTriangle,short,skip-vol,skip-vol,0.54,0.54,,,,,ja
2026-09-30 14:00,HIG,DoubleTop,short,skip-vol,skip-vol,0.54,0.54,,,,,ja
2026-09-30 14:00,HIG,HeadShouldersTop,short,skip-vol,skip-vol,0.54,0.54,,,,,ja
2026-09-30 14:00,MA,DoubleTop,short,skip-vol,skip-vol,0.41,0.41,,,,,ja
2026-09-30 14:00,MPC,AscendingTriangle,long,skip-vol,skip-vol,0.34,0.34,,,,,ja
2026-09-30 14:00,NFLX,DescendingTriangle,short,skip-vol,skip-vol,0.65,0.65,,,,,ja
2026-09-30 14:00,PYPL,Rectangle,short,skip-vol,skip-vol,1.13,1.13,,,,,ja
2026-09-30 14:00,SHW,DescendingTriangle,short,skip-vol,skip-vol,0.54,0.54,,,,,ja
2026-09-30 14:00,SPGI,DescendingTriangle,short,skip-vol,skip-vol,0.59,0.59,,,,,ja
2026-09-30 14:00,WMT,HeadShouldersTop,short,skip-vol,skip-vol,0.58,0.58,,,,,ja
2026-09-30 14:15,CB,HeadShouldersTop,short,skip-vol,skip-vol,1.50,1.50,,,,,ja
2026-09-30 14:15,EMR,DoubleTop,short,skip-vol,skip-vol,0.82,0.82,,,,,ja
2026-09-30 14:15,NEM,DoubleTop,short,skip-vol,skip-vol,0.93,0.93,,,,,ja
2026-09-30 14:15,NEM,HeadShouldersTop,short,skip-vol,skip-vol,0.93,0.93,,,,,ja
2026-09-30 14:15,PCAR,Rectangle,short,skip-vol,skip-vol,1.39,1.39,,,,,ja
2026-09-30 14:15,PEP,DoubleTop,short,skip-vol,skip-vol,0.55,0.55,,,,,ja
2026-09-30 14:15,PEP,HeadShouldersTop,short,skip-vol,skip-vol,0.55,0.55,,,,,ja
2026-09-30 14:15,PG,DoubleTop,short,skip-vol,skip-vol,1.13,1.13,,,,,ja
2026-09-30 14:15,PG,HeadShouldersTop,short,skip-vol,skip-vol,1.13,1.13,,,,,ja
2026-09-30 14:15,PH,DoubleTop,short,skip-spread,skip-spread,62.93,62.93,963.57,963.57,55.882248,55.85874,ja
2026-09-30 14:15,PM,HeadShouldersTop,short,skip-vol,skip-vol,0.89,0.89,,,,,ja
2026-09-30 14:15,SLB,DoubleTop,short,skip-vol,skip-vol,0.61,0.61,,,,,ja
2026-09-30 14:15,SNPS,InverseHeadShoulders,long,skip-chase,skip-chase,runaway,runaway,436.97,436.97,3.327179,3.326804,ja
2026-09-30 14:15,TRV,DoubleTop,short,skip-vol,skip-vol,0.42,0.42,,,,,ja
2026-09-30 14:15,VRTX,DoubleTop,short,skip-vol,skip-vol,0.74,0.74,,,,,ja
2026-09-30 14:15,WM,DoubleTop,short,skip-vol,skip-vol,0.61,0.61,,,,,ja
2026-09-30 14:15,WM,HeadShouldersTop,short,skip-vol,skip-vol,0.61,0.61,,,,,ja
2026-09-30 14:30,ABT,DescendingTriangle,short,skip-vol,skip-vol,1.10,1.10,,,,,ja
2026-09-30 14:30,NFLX,DoubleTop,short,skip-vol,skip-vol,0.75,0.75,,,,,ja
2026-09-30 14:30,TRV,HeadShouldersTop,short,skip-vol,skip-vol,0.66,0.66,,,,,ja
2026-09-30 14:45,ABT,HeadShouldersTop,short,skip-chase,skip-chase,runaway,runaway,98.91,98.91,3.617392,3.606594,ja
2026-09-30 14:45,ABT,Rectangle,short,skip-chase,skip-chase,runaway,runaway,98.91,98.91,3.767813,3.769398,ja
2026-09-30 14:45,FAST,DoubleTop,short,skip-vol,skip-vol,0.99,0.99,,,,,ja
2026-09-30 14:45,MRK,DoubleTop,short,skip-vol,skip-vol,1.48,1.48,,,,,ja
2026-09-30 14:45,SHW,DescendingTriangle,short,skip-vol,skip-vol,0.99,0.99,,,,,ja
2026-09-30 14:45,SLB,DescendingTriangle,short,skip-vol,skip-vol,0.89,0.89,,,,,ja
2026-09-30 14:45,WM,DoubleTop,short,skip-vol,skip-vol,0.09,0.09,,,,,ja
2026-09-30 14:45,WM,HeadShouldersTop,short,skip-vol,skip-vol,0.09,0.09,,,,,ja
2026-09-30 15:00,ABBV,DoubleTop,short,skip-rr,skip-rr,0.716,0.716,262.85,262.85,19.345264,19.350158,ja
2026-09-30 15:00,GS,DescendingTriangle,short,skip-vol,skip-vol,0.59,0.59,,,,,ja
2026-09-30 15:00,ORCL,DoubleBottom,long,skip-vol,skip-vol,0.74,0.74,,,,,ja
2026-09-30 15:00,PH,Rectangle,short,order,order,,,961.77,961.77,42.230951,42.234181,ja
2026-09-30 15:00,PM,HeadShouldersTop,short,skip-vol,skip-vol,1.04,1.04,,,,,ja
2026-09-30 15:00,VRTX,DoubleTop,short,skip-vol,skip-vol,0.72,0.72,,,,,ja
2026-09-30 15:00,VRTX,HeadShouldersTop,short,skip-vol,skip-vol,0.72,0.72,,,,,ja
2026-09-30 15:00,ZTS,Rectangle,short,skip-dup,skip-dup,Symbol hat schon Position oder Order,Symbol hat schon Position oder Order,,,,,ja
2026-10-01 09:30,AAL,DescendingTriangle,short,skip-vol,skip-vol,0.85,0.85,,,,,ja
2026-10-01 09:30,ADBE,InverseHeadShoulders,long,skip-chase,skip-chase,runaway,runaway,242.63,242.63,1.872398,1.857364,ja
2026-10-01 09:30,AMD,Rectangle,long,skip-chase,skip-chase,failed,failed,608.71,608.71,7.773788,7.751163,ja
2026-10-01 09:30,AXP,HeadShouldersTop,short,skip-vol,skip-vol,0.89,0.89,,,,,ja
2026-10-01 09:30,BKNG,DescendingTriangle,short,skip-vol,skip-vol,1.10,1.10,,,,,ja
2026-10-01 09:30,COF,Rectangle,short,skip-chase,skip-chase,failed,failed,193.11,193.11,7.389118,7.383713,ja
2026-10-01 09:30,DUK,Rectangle,short,skip-vol,skip-vol,1.14,1.14,,,,,ja
2026-10-01 09:30,MU,DoubleTop,short,skip-chase,skip-chase,runaway,runaway,1046.35,1046.35,0.812447,0.800357,ja
2026-10-01 09:30,PNC,DescendingTriangle,short,skip-vol,skip-vol,0.09,0.09,,,,,ja
2026-10-01 09:30,PNC,DoubleTop,short,skip-vol,skip-vol,0.09,0.09,,,,,ja
2026-10-01 09:30,QCOM,DoubleTop,short,skip-rs,skip-rs,-0.23% vs -0.44%,-0.23% vs -0.44%,,,,,ja
2026-10-01 09:30,TGT,DoubleTop,short,skip-vol,skip-vol,0.98,0.98,,,,,ja
2026-10-01 09:30,UAL,DescendingTriangle,short,skip-chase,skip-chase,runaway,runaway,110.065,110.065,2.587938,2.578017,ja
2026-10-01 09:30,UAL,Rectangle,short,skip-chase,skip-chase,runaway,runaway,110.065,110.065,2.737425,2.7419510000000002,ja
2026-10-01 09:45,ADI,DoubleBottom,long,skip-vol,skip-vol,0.96,0.96,,,,,ja
2026-10-01 09:45,CBRE,DescendingTriangle,short,skip-vol,skip-vol,0.21,0.21,,,,,ja
2026-10-01 09:45,EOG,InverseHeadShoulders,long,skip-vol,skip-vol,0.71,0.71,,,,,ja
2026-10-01 09:45,JCI,AscendingTriangle,long,skip-vol,skip-vol,1.01,1.01,,,,,ja
2026-10-01 09:45,LUV,DescendingTriangle,short,skip-vol,skip-vol,0.87,0.87,,,,,ja
2026-10-01 09:45,MPC,AscendingTriangle,long,skip-stale,skip-stale,223s,223s,405.99,405.99,222.722062,222.722517,ja
2026-10-01 09:45,MPC,Rectangle,long,skip-stale,skip-stale,223s,223s,405.99,405.99,222.872249,222.877877,ja
2026-10-01 09:45,PYPL,DoubleTop,short,skip-vol,skip-vol,0.83,0.83,,,,,ja
2026-10-01 09:45,UNH,Rectangle,short,skip-vol,skip-vol,1.27,1.27,,,,,ja
2026-10-01 10:00,CBRE,DoubleTop,short,skip-vol,skip-vol,1.29,1.29,,,,,ja
2026-10-01 10:00,CBRE,HeadShouldersTop,short,skip-vol,skip-vol,1.29,1.29,,,,,ja
2026-10-01 10:00,CBRE,Rectangle,short,skip-vol,skip-vol,1.29,1.29,,,,,ja
2026-10-01 10:00,GE,Rectangle,short,skip-vol,skip-vol,1.16,1.16,,,,,ja
2026-10-01 10:00,META,HeadShouldersTop,short,skip-vol,skip-vol,1.46,1.46,,,,,ja
2026-10-01 10:00,MO,DoubleTop,short,skip-vol,skip-vol,0.54,0.54,,,,,ja
2026-10-01 10:00,QCOM,DoubleTop,short,skip-vol,skip-vol,0.92,0.92,,,,,ja
2026-10-01 10:15,ADI,DoubleTop,short,skip-vol,skip-vol,0.72,0.72,,,,,ja
2026-10-01 10:15,DUK,Rectangle,short,skip-chase,skip-chase,runaway,runaway,112.8,112.8,21.872357,21.866492,ja
2026-10-01 10:15,UAL,Rectangle,short,skip-rs,skip-rs,-0.64% vs -0.81%,-0.64% vs -0.81%,,,,,ja
2026-10-01 10:30,BKNG,Rectangle,short,skip-vol,skip-vol,1.26,1.26,,,,,ja
2026-10-01 10:30,SYK,DoubleTop,short,skip-vol,skip-vol,0.75,0.75,,,,,ja
2026-10-01 10:45,TMUS,DescendingTriangle,short,skip-vol,skip-vol,0.86,0.86,,,,,ja
2026-10-01 10:45,TMUS,DoubleTop,short,skip-vol,skip-vol,0.86,0.86,,,,,ja
2026-10-01 10:45,TSLA,DoubleBottom,long,skip-market,skip-market,SPY -0.51%,SPY -0.51%,,,,,ja
2026-10-01 10:45,UNP,Rectangle,short,skip-vol,skip-vol,1.14,1.14,,,,,ja
2026-10-01 11:00,SPGI,Rectangle,short,skip-vol,skip-vol,1.39,1.39,,,,,ja
2026-10-01 11:15,TMUS,DescendingTriangle,short,skip-vol,skip-vol,0.74,0.74,,,,,ja
2026-10-01 11:30,CB,DoubleBottom,long,skip-vol,skip-vol,1.15,1.15,,,,,ja
2026-10-01 11:30,COST,DoubleBottom,long,skip-market,skip-market,SPY -0.62%,SPY -0.62%,,,,,ja
2026-10-01 11:30,FISV,DoubleTop,short,skip-vol,skip-vol,0.67,0.67,,,,,ja
2026-10-01 11:45,CAT,DoubleBottom,long,skip-vol,skip-vol,1.14,1.14,,,,,ja
2026-10-01 11:45,CVX,DoubleBottom,long,skip-vol,skip-vol,1.09,1.09,,,,,ja
2026-10-01 11:45,FAST,DoubleBottom,long,skip-vol,skip-vol,0.29,0.29,,,,,ja
2026-10-01 11:45,PEP,DoubleTop,short,skip-vol,skip-vol,0.42,0.42,,,,,ja
2026-10-01 11:45,STT,DoubleBottom,long,skip-vol,skip-vol,0.61,0.61,,,,,ja
2026-10-01 12:00,FAST,AscendingTriangle,long,skip-vol,skip-vol,0.43,0.43,,,,,ja
2026-10-01 12:00,FAST,InverseHeadShoulders,long,skip-vol,skip-vol,0.43,0.43,,,,,ja
2026-10-01 12:00,GILD,DoubleTop,short,skip-vol,skip-vol,0.55,0.55,,,,,ja
2026-10-01 12:00,MO,DoubleTop,short,skip-vol,skip-vol,0.36,0.36,,,,,ja
2026-10-01 12:00,MRK,DoubleTop,short,skip-vol,skip-vol,0.75,0.75,,,,,ja
2026-10-01 12:15,CB,DoubleBottom,long,skip-vol,skip-vol,0.67,0.67,,,,,ja
2026-10-01 12:15,CVX,DoubleBottom,long,skip-vol,skip-vol,0.62,0.62,,,,,ja
2026-10-01 12:15,EOG,InverseHeadShoulders,long,skip-vol,skip-vol,1.12,1.12,,,,,ja
2026-10-01 12:30,PEP,DescendingTriangle,short,skip-vol,skip-vol,0.55,0.55,,,,,ja
2026-10-01 12:45,CMCSA,DoubleBottom,long,skip-vol,skip-vol,1.21,1.21,,,,,ja
2026-10-01 12:45,PEP,DoubleTop,short,skip-vol,skip-vol,0.44,0.44,,,,,ja
2026-10-01 13:00,DAL,DoubleBottom,long,skip-vol,skip-vol,0.77,0.77,,,,,ja
2026-10-01 13:15,ABT,DoubleTop,short,skip-vol,skip-vol,0.76,0.76,,,,,ja
2026-10-01 13:15,AFL,DescendingTriangle,short,skip-vol,skip-vol,0.08,0.08,,,,,ja
2026-10-01 13:15,CB,DoubleTop,short,skip-vol,skip-vol,0.48,0.48,,,,,ja
2026-10-01 13:15,CSCO,InverseHeadShoulders,long,skip-vol,skip-vol,0.55,0.55,,,,,ja
2026-10-01 13:15,INTC,Rectangle,long,skip-vol,skip-vol,1.23,1.23,,,,,ja
2026-10-01 13:15,LUV,InverseHeadShoulders,long,skip-vol,skip-vol,0.39,0.39,,,,,ja
2026-10-01 13:15,PGR,DoubleTop,short,skip-vol,skip-vol,0.17,0.17,,,,,ja
2026-10-01 13:15,SYK,DescendingTriangle,short,skip-vol,skip-vol,0.52,0.52,,,,,ja
2026-10-01 13:15,WM,DescendingTriangle,short,skip-vol,skip-vol,0.36,0.36,,,,,ja
2026-10-01 13:15,WM,DoubleTop,short,skip-vol,skip-vol,0.36,0.36,,,,,ja
2026-10-01 13:30,BLK,DoubleBottom,long,skip-vol,skip-vol,1.39,1.39,,,,,ja
2026-10-01 13:30,TRV,DoubleBottom,long,skip-vol,skip-vol,0.90,0.90,,,,,ja
2026-10-01 13:45,AMZN,DoubleTop,short,skip-vol,skip-vol,0.77,0.77,,,,,ja
2026-10-01 13:45,CVX,AscendingTriangle,long,skip-vol,skip-vol,0.77,0.77,,,,,ja
2026-10-01 13:45,CVX,InverseHeadShoulders,long,skip-vol,skip-vol,0.77,0.77,,,,,ja
2026-10-01 13:45,EOG,InverseHeadShoulders,long,skip-vol,skip-vol,1.03,1.03,,,,,ja
2026-10-01 13:45,MU,InverseHeadShoulders,long,skip-vol,skip-vol,1.14,1.14,,,,,ja
2026-10-01 13:45,MU,Rectangle,long,skip-vol,skip-vol,1.14,1.14,,,,,ja
2026-10-01 13:45,SLB,DoubleBottom,long,skip-vol,skip-vol,0.66,0.66,,,,,ja
2026-10-01 14:00,ABT,DoubleTop,short,skip-vol,skip-vol,0.75,0.75,,,,,ja
2026-10-01 14:00,CB,DoubleBottom,long,skip-vol,skip-vol,1.06,1.06,,,,,ja
2026-10-01 14:00,SO,DoubleBottom,long,skip-vol,skip-vol,0.44,0.44,,,,,ja
2026-10-01 14:00,SO,InverseHeadShoulders,long,skip-vol,skip-vol,0.44,0.44,,,,,ja
2026-10-01 14:00,TMUS,DescendingTriangle,short,skip-vol,skip-vol,0.34,0.34,,,,,ja
2026-10-01 14:00,WMT,DoubleBottom,long,skip-vol,skip-vol,0.49,0.49,,,,,ja
2026-10-01 14:15,INTC,InverseHeadShoulders,long,skip-vol,skip-vol,0.73,0.73,,,,,ja
2026-10-01 14:15,TRV,DoubleBottom,long,skip-vol,skip-vol,1.42,1.42,,,,,ja
2026-10-01 14:15,TRV,InverseHeadShoulders,long,skip-vol,skip-vol,1.42,1.42,,,,,ja
2026-10-01 14:15,XOM,DoubleBottom,long,skip-vol,skip-vol,1.31,1.31,,,,,ja
2026-10-01 14:15,ZTS,DescendingTriangle,short,skip-vol,skip-vol,1.36,1.36,,,,,ja
2026-10-01 14:30,AMD,AscendingTriangle,long,skip-vol,skip-vol,1.24,1.24,,,,,ja
2026-10-01 14:30,JCI,AscendingTriangle,long,skip-vol,skip-vol,0.39,0.39,,,,,ja
2026-10-01 14:30,MCK,DoubleTop,short,skip-vol,skip-vol,0.17,0.17,,,,,ja
2026-10-01 14:30,PEP,DescendingTriangle,short,skip-vol,skip-vol,0.47,0.47,,,,,ja
2026-10-01 14:30,ROP,DoubleBottom,long,order,order,,,362.47,362.47,19.351438,19.350872,ja
2026-10-01 14:45,CSCO,DoubleBottom,long,skip-vol,skip-vol,0.42,0.42,,,,,ja
2026-10-01 14:45,MU,InverseHeadShoulders,long,skip-vol,skip-vol,0.67,0.67,,,,,ja
2026-10-01 14:45,NVDA,InverseHeadShoulders,long,skip-vol,skip-vol,0.50,0.50,,,,,ja
2026-10-01 14:45,SCHW,DoubleBottom,long,skip-vol,skip-vol,1.07,1.07,,,,,ja
2026-10-01 14:45,SYK,DoubleBottom,long,skip-vol,skip-vol,0.48,0.48,,,,,ja
2026-10-01 14:45,UNP,DoubleBottom,long,skip-vol,skip-vol,0.94,0.94,,,,,ja
2026-10-01 15:00,CB,DoubleBottom,long,skip-vol,skip-vol,0.99,0.99,,,,,ja
2026-10-01 15:00,CB,InverseHeadShoulders,long,skip-vol,skip-vol,0.99,0.99,,,,,ja
2026-10-01 15:00,COF,DoubleBottom,long,skip-vol,skip-vol,0.72,0.72,,,,,ja
2026-10-01 15:00,EMR,AscendingTriangle,long,skip-vol,skip-vol,0.26,0.26,,,,,ja
2026-10-01 15:00,SO,InverseHeadShoulders,long,skip-vol,skip-vol,1.01,1.01,,,,,ja
2026-10-01 15:00,WFC,DoubleBottom,long,skip-vol,skip-vol,1.28,1.28,,,,,ja
2026-10-02 09:30,FIS,HeadShouldersTop,short,skip-vol,skip-vol,0.62,0.62,,,,,ja
2026-10-02 09:30,FISV,DoubleTop,short,skip-vol,skip-vol,0.31,0.31,,,,,ja
2026-10-02 09:30,FISV,HeadShouldersTop,short,skip-vol,skip-vol,0.31,0.31,,,,,ja
2026-10-02 09:30,HCA,DoubleBottom,long,skip-vol,skip-vol,0.66,0.66,,,,,ja
2026-10-02 09:30,PRU,Rectangle,short,skip-chase,skip-chase,failed,failed,112.25,112.25,0.384161,0.378167,ja
2026-10-02 09:30,SNPS,AscendingTriangle,long,skip-vol,skip-vol,0.29,0.29,,,,,ja
2026-10-02 09:30,WFC,InverseHeadShoulders,long,skip-vol,skip-vol,0.69,0.69,,,,,ja
2026-10-02 09:45,AON,Rectangle,short,skip-vol,skip-vol,1.16,1.16,,,,,ja
2026-10-02 09:45,CL,Rectangle,short,skip-chase,skip-chase,runaway,runaway,84.24,84.24,8.21051,8.185705,ja
2026-10-02 09:45,CVS,InverseHeadShoulders,long,skip-vol,skip-vol,1.23,1.23,,,,,ja
2026-10-02 09:45,GE,Rectangle,short,skip-chase,skip-chase,runaway,runaway,309.68,309.68,16.484861,16.393781,ja
2026-10-02 09:45,HD,InverseHeadShoulders,long,skip-vol,skip-vol,0.95,0.95,,,,,ja
2026-10-02 09:45,MCK,DoubleTop,short,skip-vol,skip-vol,0.37,0.37,,,,,ja
2026-10-02 09:45,PEP,DescendingTriangle,short,skip-vol,skip-vol,1.14,1.14,,,,,ja
2026-10-02 09:45,SPGI,Rectangle,short,skip-vol,skip-vol,1.45,1.45,,,,,ja
2026-10-02 09:45,WM,DescendingTriangle,short,skip-vol,skip-vol,0.42,0.42,,,,,ja
2026-10-02 10:00,ADBE,DoubleTop,short,skip-vol,skip-vol,0.64,0.64,,,,,ja
2026-10-02 10:00,AMZN,InverseHeadShoulders,long,skip-vol,skip-vol,1.06,1.06,,,,,ja
2026-10-02 10:00,BKNG,DoubleBottom,long,skip-rs,skip-rs,0.14% vs 1.07%,0.14% vs 1.07%,,,,,ja
2026-10-02 10:00,DAL,DoubleBottom,long,skip-vol,skip-vol,0.90,0.90,,,,,ja
2026-10-02 10:00,ELV,DoubleBottom,long,skip-vol,skip-vol,0.32,0.32,,,,,ja
2026-10-02 10:00,HCA,DoubleTop,short,skip-vol,skip-vol,0.44,0.44,,,,,ja
2026-10-02 10:00,PLD,DoubleBottom,long,skip-vol,skip-vol,0.53,0.53,,,,,ja
2026-10-02 10:00,TRV,DoubleBottom,long,skip-vol,skip-vol,0.19,0.19,,,,,ja
2026-10-02 10:00,TRV,InverseHeadShoulders,long,skip-vol,skip-vol,0.19,0.19,,,,,ja
2026-10-02 10:15,BAC,DoubleBottom,long,skip-vol,skip-vol,0.84,0.84,,,,,ja
2026-10-02 10:15,GE,Rectangle,short,skip-chase,skip-chase,runaway,runaway,309.42,309.42,28.446597,28.447772,ja
2026-10-02 10:15,MDT,InverseHeadShoulders,long,skip-vol,skip-vol,1.21,1.21,,,,,ja
2026-10-02 10:15,NFLX,DescendingTriangle,short,skip-vol,skip-vol,1.03,1.03,,,,,ja
2026-10-02 10:15,WFC,InverseHeadShoulders,long,skip-vol,skip-vol,0.41,0.41,,,,,ja
2026-10-02 10:30,SLB,DoubleBottom,long,skip-vol,skip-vol,0.61,0.61,,,,,ja
2026-10-02 10:30,TT,DoubleBottom,long,skip-vol,skip-vol,0.28,0.28,,,,,ja
2026-10-02 10:45,FIS,HeadShouldersTop,short,skip-vol,skip-vol,1.17,1.17,,,,,ja
2026-10-02 10:45,LUV,DoubleBottom,long,skip-vol,skip-vol,0.37,0.37,,,,,ja
2026-10-02 10:45,NFLX,DescendingTriangle,short,skip-vol,skip-vol,0.74,0.74,,,,,ja
2026-10-02 10:45,PEP,DescendingTriangle,short,skip-vol,skip-vol,0.79,0.79,,,,,ja
2026-10-02 10:45,SPGI,DescendingTriangle,short,skip-vol,skip-vol,0.79,0.79,,,,,ja
2026-10-02 10:45,TJX,DoubleTop,short,skip-vol,skip-vol,0.55,0.55,,,,,ja
2026-10-02 11:00,BKNG,DescendingTriangle,short,skip-vol,skip-vol,1.44,1.44,,,,,ja
2026-10-02 11:00,CL,Rectangle,short,skip-chase,skip-chase,runaway,runaway,84.09,84.09,44.013647,44.01456,ja
2026-10-02 11:00,FIS,Rectangle,short,skip-vol,skip-vol,1.22,1.22,,,,,ja
2026-10-02 11:00,FISV,Rectangle,short,skip-vol,skip-vol,1.22,1.22,,,,,ja
2026-10-02 11:00,HD,DoubleTop,short,skip-vol,skip-vol,1.02,1.02,,,,,ja
2026-10-02 11:00,MCD,DoubleTop,short,skip-vol,skip-vol,0.61,0.61,,,,,ja
2026-10-02 11:00,MPC,DoubleTop,short,skip-vol,skip-vol,0.36,0.36,,,,,ja
2026-10-02 11:00,PCAR,DescendingTriangle,short,skip-vol,skip-vol,0.63,0.63,,,,,ja
2026-10-02 11:15,BKNG,DoubleTop,short,skip-dup,skip-dup,Symbol hat schon Position oder Order,Symbol hat schon Position oder Order,,,,,ja
2026-10-02 11:15,BKNG,HeadShouldersTop,short,order,order,,,158.89,158.89,0.303909,0.312054,ja
2026-10-02 11:15,BKNG,Rectangle,short,skip-dup,skip-dup,Symbol hat schon Position oder Order,Symbol hat schon Position oder Order,,,,,ja
2026-10-02 11:15,CARR,DoubleBottom,long,skip-vol,skip-vol,0.91,0.91,,,,,ja
2026-10-02 11:15,CMCSA,Rectangle,short,order,order,,,21.525,21.525,1.899266,1.904793,ja
2026-10-02 11:15,CVS,InverseHeadShoulders,long,skip-vol,skip-vol,0.34,0.34,,,,,ja
2026-10-02 11:30,BAC,DoubleTop,short,skip-vol,skip-vol,0.44,0.44,,,,,ja
2026-10-02 11:30,COF,InverseHeadShoulders,long,skip-vol,skip-vol,0.37,0.37,,,,,ja
2026-10-02 11:30,UBER,DescendingTriangle,short,skip-vol,skip-vol,0.64,0.64,,,,,ja
2026-10-02 11:45,HD,DoubleBottom,long,skip-vol,skip-vol,0.55,0.55,,,,,ja
2026-10-02 11:45,MPC,DoubleBottom,long,skip-vol,skip-vol,0.39,0.39,,,,,ja
2026-10-02 11:45,SCHW,Rectangle,short,skip-vol,skip-vol,1.39,1.39,,,,,ja
2026-10-02 11:45,SHW,DoubleBottom,long,skip-vol,skip-vol,0.44,0.44,,,,,ja
2026-10-02 11:45,WMT,DescendingTriangle,short,skip-vol,skip-vol,0.54,0.54,,,,,ja
2026-10-02 12:00,CB,DoubleTop,short,skip-vol,skip-vol,0.22,0.22,,,,,ja
2026-10-02 12:00,PCAR,DescendingTriangle,short,skip-chase,skip-chase,runaway,runaway,108.975,108.975,14.065255,14.073847,ja
2026-10-02 12:00,TGT,DoubleTop,short,skip-vol,skip-vol,0.29,0.29,,,,,ja
2026-10-02 12:00,TMO,HeadShouldersTop,short,skip-vol,skip-vol,0.10,0.10,,,,,ja
2026-10-02 12:15,CME,DoubleTop,short,skip-vol,skip-vol,0.51,0.51,,,,,ja
2026-10-02 12:15,FISV,DescendingTriangle,short,skip-vol,skip-vol,0.22,0.22,,,,,ja
2026-10-02 12:15,GPN,DoubleTop,short,skip-vol,skip-vol,0.38,0.38,,,,,ja
2026-10-02 12:15,ISRG,DoubleTop,short,skip-vol,skip-vol,0.65,0.65,,,,,ja
2026-10-02 12:15,ISRG,HeadShouldersTop,short,skip-vol,skip-vol,0.65,0.65,,,,,ja
2026-10-02 12:15,NEM,DoubleTop,short,skip-vol,skip-vol,0.19,0.19,,,,,ja
2026-10-02 12:15,PCAR,HeadShouldersTop,short,skip-stale,skip-stale,63s,63s,109.265,109.265,63.384536,63.374462,ja
2026-10-02 12:15,PCAR,Rectangle,short,skip-stale,skip-stale,64s,64s,109.265,109.265,63.540325,63.537082,ja
2026-10-02 12:15,XOM,DoubleBottom,long,skip-vol,skip-vol,0.36,0.36,,,,,ja
2026-10-02 12:30,ABBV,AscendingTriangle,long,skip-vol,skip-vol,0.77,0.77,,,,,ja
2026-10-02 12:30,SNPS,DoubleTop,short,skip-vol,skip-vol,0.26,0.26,,,,,ja
2026-10-02 12:30,SNPS,HeadShouldersTop,short,skip-vol,skip-vol,0.26,0.26,,,,,ja
2026-10-02 12:30,TRV,DoubleTop,short,skip-vol,skip-vol,0.26,0.26,,,,,ja
2026-10-02 12:30,TRV,HeadShouldersTop,short,skip-vol,skip-vol,0.26,0.26,,,,,ja
2026-10-02 12:45,LLY,DoubleTop,short,skip-vol,skip-vol,0.29,0.29,,,,,ja
2026-10-02 12:45,UNH,DoubleBottom,long,skip-vol,skip-vol,0.83,0.83,,,,,ja
2026-10-02 12:45,UNH,InverseHeadShoulders,long,skip-vol,skip-vol,0.83,0.83,,,,,ja
2026-10-02 12:45,XOM,DoubleBottom,long,skip-vol,skip-vol,0.35,0.35,,,,,ja
2026-10-02 13:00,MA,DoubleBottom,long,skip-vol,skip-vol,1.14,1.14,,,,,ja
2026-10-02 13:00,MA,InverseHeadShoulders,long,skip-vol,skip-vol,1.14,1.14,,,,,ja
2026-10-02 13:00,NFLX,DescendingTriangle,short,skip-vol,skip-vol,0.76,0.76,,,,,ja
2026-10-02 13:00,PCAR,DoubleTop,short,skip-vol,skip-vol,0.64,0.64,,,,,ja
2026-10-02 13:00,SNPS,HeadShouldersTop,short,skip-vol,skip-vol,0.16,0.16,,,,,ja
2026-10-02 13:00,SPGI,DoubleTop,short,skip-vol,skip-vol,0.40,0.40,,,,,ja
2026-10-02 13:15,BSX,DoubleBottom,long,skip-vol,skip-vol,0.29,0.29,,,,,ja
2026-10-02 13:15,LLY,DoubleTop,short,skip-vol,skip-vol,0.31,0.31,,,,,ja
2026-10-02 13:15,ROP,DoubleTop,short,skip-vol,skip-vol,0.06,0.06,,,,,ja
2026-10-02 13:15,SHW,DescendingTriangle,short,skip-vol,skip-vol,0.43,0.43,,,,,ja
2026-10-02 13:15,SHW,DoubleTop,short,skip-vol,skip-vol,0.43,0.43,,,,,ja
2026-10-02 13:15,TGT,DoubleTop,short,skip-vol,skip-vol,0.26,0.26,,,,,ja
2026-10-02 13:15,UNH,InverseHeadShoulders,long,skip-vol,skip-vol,0.59,0.59,,,,,ja
2026-10-02 13:15,XOM,AscendingTriangle,long,skip-vol,skip-vol,0.67,0.67,,,,,ja
2026-10-02 13:15,XOM,DoubleBottom,long,skip-vol,skip-vol,0.67,0.67,,,,,ja
2026-10-02 13:15,XOM,InverseHeadShoulders,long,skip-vol,skip-vol,0.67,0.67,,,,,ja
2026-10-02 13:30,ABBV,AscendingTriangle,long,skip-vol,skip-vol,0.42,0.42,,,,,ja
2026-10-02 13:45,CME,DoubleBottom,long,skip-vol,skip-vol,0.16,0.16,,,,,ja
2026-10-02 13:45,DE,AscendingTriangle,long,skip-vol,skip-vol,1.19,1.19,,,,,ja
2026-10-02 13:45,PGR,DoubleTop,short,skip-vol,skip-vol,0.53,0.53,,,,,ja
2026-10-02 13:45,SNPS,DoubleTop,short,skip-vol,skip-vol,0.24,0.24,,,,,ja
2026-10-02 13:45,SNPS,HeadShouldersTop,short,skip-vol,skip-vol,0.24,0.24,,,,,ja
2026-10-02 13:45,SO,DescendingTriangle,short,skip-vol,skip-vol,0.65,0.65,,,,,ja
2026-10-02 14:00,AAL,DescendingTriangle,short,skip-vol,skip-vol,0.89,0.89,,,,,ja
2026-10-02 14:00,BSX,DoubleBottom,long,skip-vol,skip-vol,0.31,0.31,,,,,ja
2026-10-02 14:00,CBRE,DoubleTop,short,skip-vol,skip-vol,0.35,0.35,,,,,ja
2026-10-02 14:00,DAL,DoubleTop,short,skip-vol,skip-vol,0.52,0.52,,,,,ja
2026-10-02 14:00,DE,DoubleBottom,long,skip-vol,skip-vol,1.20,1.20,,,,,ja
2026-10-02 14:00,SHW,DescendingTriangle,short,skip-vol,skip-vol,0.89,0.89,,,,,ja
2026-10-02 14:00,SHW,DoubleTop,short,skip-vol,skip-vol,0.89,0.89,,,,,ja
2026-10-02 14:00,STT,DoubleBottom,long,skip-vol,skip-vol,0.31,0.31,,,,,ja
2026-10-02 14:00,WFC,DoubleBottom,long,skip-vol,skip-vol,0.42,0.42,,,,,ja
2026-10-02 14:15,AJG,Rectangle,short,order,order,,,226.05,226.05,35.279799,35.284395,ja
2026-10-02 14:15,CMCSA,HeadShouldersTop,short,skip-vol,skip-vol,0.95,0.95,,,,,ja
2026-10-02 14:15,DHR,AscendingTriangle,long,skip-vol,skip-vol,1.18,1.18,,,,,ja
2026-10-02 14:15,ISRG,DoubleTop,short,skip-vol,skip-vol,0.53,0.53,,,,,ja
2026-10-02 14:15,ISRG,HeadShouldersTop,short,skip-vol,skip-vol,0.53,0.53,,,,,ja
2026-10-02 14:15,UAL,DoubleTop,short,skip-rs,skip-rs,0.24% vs 0.04%,0.24% vs 0.04%,,,,,ja
2026-10-02 14:15,VZ,DescendingTriangle,short,skip-vol,skip-vol,0.70,0.70,,,,,ja
2026-10-02 14:15,VZ,DoubleTop,short,skip-vol,skip-vol,0.70,0.70,,,,,ja
2026-10-02 14:30,JNJ,DoubleTop,short,skip-vol,skip-vol,1.21,1.21,,,,,ja
2026-10-02 14:30,META,DoubleTop,short,skip-vol,skip-vol,1.00,1.00,,,,,ja
2026-10-02 14:30,ROP,DoubleTop,short,skip-stale,skip-stale,188s,188s,355.56,355.56,187.694052,187.69478,ja
2026-10-02 14:45,SO,DescendingTriangle,short,skip-vol,skip-vol,0.91,0.91,,,,,ja
2026-10-02 15:00,COST,DoubleBottom,long,skip-vol,skip-vol,1.29,1.29,,,,,ja
2026-10-02 15:00,COST,InverseHeadShoulders,long,skip-vol,skip-vol,1.29,1.29,,,,,ja
2026-10-02 15:00,ROP,DoubleTop,short,skip-vol,skip-vol,1.10,1.10,,,,,ja
2026-10-02 15:00,WM,InverseHeadShoulders,long,skip-vol,skip-vol,0.68,0.68,,,,,ja
