id,day,symbol,side,forced,real_entry,replay_entry,fill_diff_r,real_exit,replay_exit,real_r,replay_r,dev,real_reason,replay_reason,real_closed_at,replay_closed_at,cause
5,2026-09-21,HD,short,True,296.41,296.41,0.0,297.55,297.54,-0.21870503597122135,-0.21678657074340535,0.0019184652278159964,time_stop,time_stop,2026-09-21T15:59:33.293396566+00:00,2026-09-21T15:58:02.070000+00:00,
6,2026-09-21,NVDA,long,True,225.31,225.31,0.0,226.715,226.71,0.3555539809392721,0.3542886642811264,-0.001265316658145721,time_stop,time_stop,2026-09-21T17:26:11.271145+00:00,2026-09-21T17:24:02.070000+00:00,
7,2026-09-21,AMZN,long,True,259.327143,259.327143,0.0,258.125714,258.35,-0.3104754107807782,-0.2525150252878512,0.057960385492927036,eod,eod,2026-09-21T19:50:36.261760+00:00,2026-09-21T19:50:02.070000+00:00,
8,2026-09-21,TMO,long,True,659.44,659.44,0.0,657.41,657.25,-0.19315710047405138,-0.20838130543751973,-0.015224204963468352,eod,eod,2026-09-21T19:50:40.708709+00:00,2026-09-21T19:50:02.070000+00:00,
9,2026-09-21,DHR,long,True,215.12,215.12,0.0,215.09,215.02,-0.01272278119997074,-0.042409270666565115,-0.029686489466594374,eod,eod,2026-09-21T19:50:43.811964+00:00,2026-09-21T19:50:02.070000+00:00,
10,2026-09-22,VRTX,long,True,514.82,514.82,0.0,522.81,522.825,1.183265457238035,1.1854868567197232,0.002221399481688202,time_stop,time_stop,2026-09-22T16:36:45.781920+00:00,2026-09-22T16:31:01.756634722+00:00,
11,2026-09-22,MRK,long,True,150.78,150.78,0.0,152.81,152.81,0.7229035796191043,0.7229035796191043,0.0,fill,tp,2026-09-22T15:13:04.428946+00:00,2026-09-22T15:12:30.410125698+00:00,
12,2026-09-22,BKNG,short,True,165.220909,165.220909,0.0,162.053636,161.87,0.7224469108875673,0.7643338151511891,0.04188690426362185,time_stop,time_stop,2026-09-22T16:48:42.090507+00:00,2026-09-22T16:39:02.070000+00:00,
13,2026-09-22,GS,short,True,938.79,938.79,0.0,950.17,950.26,-0.7687890559027184,-0.7748691099476454,-0.0060800540449269525,time_stop,time_stop,2026-09-22T16:36:50.358732+00:00,2026-09-22T16:35:02.070000+00:00,
14,2026-09-22,REGN,long,True,811.17,811.17,0.0,808.805,808.64,-0.14493641795618262,-0.1550482610694024,-0.010111843113219776,time_stop,time_stop,2026-09-22T18:47:16.586600+00:00,2026-09-22T18:47:02.070000+00:00,
15,2026-09-22,DE,long,True,698.79,698.79,0.0,702.15,701.52,0.5255674486046744,0.4270235519912991,-0.09854389661337531,eod,eod,2026-09-22T19:51:55.812319+00:00,2026-09-22T19:50:02.070000+00:00,
16,2026-09-22,PH,long,True,964.23,964.23,0.0,965.21,965.4,0.09455060483443199,0.11288184454722398,0.01833123971279199,eod,eod,2026-09-22T19:51:59.427479+00:00,2026-09-22T19:50:02.070000+00:00,
17,2026-09-23,PANW,long,True,377.84,377.84,0.0,385.4,386.0,0.6175983674489709,0.6666141108973037,0.049015743448332816,time_stop,time_stop,2026-09-23T16:14:56.402539+00:00,2026-09-23T16:12:02.070000+00:00,
18,2026-09-23,COF,short,True,198.12,198.12,0.0,198.442,198.56,-0.06475615887380652,-0.08848667672197044,-0.02373051784816392,time_stop,time_stop,2026-09-23T15:56:06.084059+00:00,2026-09-23T15:55:02.070000+00:00,
19,2026-09-23,INTU,short,True,287.366667,287.366667,0.0,288.11,288.02,-0.11947564206667652,-0.10500997488116937,0.014465667185507153,time_stop,time_stop,2026-09-23T15:59:55.577324+00:00,2026-09-23T15:59:02.070000+00:00,
20,2026-09-23,BKNG,short,True,157.25,157.25,0.0,156.65,156.55,0.06179196704428361,0.07209062821833039,0.010298661174046778,time_stop,time_stop,2026-09-23T15:59:57.363452+00:00,2026-09-23T15:59:02.070000+00:00,
21,2026-09-23,AVGO,short,True,357.22,357.22,0.0,355.806,355.85,0.26729678638942417,0.258979206049152,-0.00831758034027219,time_stop,time_stop,2026-09-23T16:14:58.675456+00:00,2026-09-23T16:11:02.070000+00:00,
22,2026-09-23,HD,short,True,298.61,298.61,0.0,297.526667,297.86,0.13772051710044977,0.09534500271415497,-0.042375514386294805,eod,eod,2026-09-23T19:51:39.852886+00:00,2026-09-23T19:50:02.070000+00:00,
23,2026-09-23,ISRG,short,True,396.88,396.88,0.0,398.47,398.86,-0.2042583366948226,-0.2543594381482669,-0.05010110145344429,eod,eod,2026-09-23T19:51:41.724331+00:00,2026-09-23T19:50:02.070000+00:00,
24,2026-09-23,PLD,short,True,134.28,134.28,0.0,133.98,134.22,0.3141032352633393,0.06282064705266785,-0.2512825882106714,eod,eod,2026-09-23T19:51:43.600586+00:00,2026-09-23T19:50:02.070000+00:00,"Zeitpunkt: echt 15:51:43, Replay 15:50:02 (alte Version: Verwaltung im ~4-Min-Takt); zum echten Zeitpunkt gibt der Simulator 133.98 = +0.31R, echt +0.31R"
25,2026-09-23,DAL,short,True,81.74,81.74,0.0,81.650417,81.71,0.06339601010565013,0.021230370753042196,-0.042165639352607934,eod,eod,2026-09-23T19:51:45.874745+00:00,2026-09-23T19:50:02.070000+00:00,
26,2026-09-24,WMT,short,True,109.67,109.67,0.0,108.84,108.9,0.7406217653567508,0.6870828425598751,-0.053538922796875776,time_stop,time_stop,2026-09-24T15:59:03.787323+00:00,2026-09-24T15:57:02.070000+00:00,
27,2026-09-24,KO,long,True,89.27,89.27,0.0,88.44,88.41,-0.8556701030927952,-0.8865979381443433,-0.030927835051548058,time_stop,time_stop,2026-09-24T15:55:03.214619+00:00,2026-09-24T15:54:02.070000+00:00,
28,2026-09-24,DHR,long,True,224.91,224.91,0.0,221.53,221.71,-1.0579029733959227,-1.0015649452269066,0.05633802816901601,fill,sl,2026-09-24T15:32:11.990411+00:00,2026-09-24T15:30:00+00:00,
29,2026-09-24,IBM,short,True,227.0,227.0,0.0,227.07,227.15,-0.010122921185826894,-0.021691973969631993,-0.011569052783805099,time_stop,time_stop,2026-09-24T15:55:06.861850+00:00,2026-09-24T15:54:02.070000+00:00,
30,2026-09-24,VZ,long,True,47.32,47.32,0.0,47.35,47.39,0.05156544084154963,0.12031936196361175,0.0687539211220621,time_stop,time_stop,2026-09-24T15:55:11.488221+00:00,2026-09-24T15:54:02.070000+00:00,
31,2026-09-24,AON,short,True,277.74,277.74,0.0,277.05,276.71,0.14367516918271658,0.21447162935971423,0.07079646017699764,time_stop,time_stop,2026-09-24T17:54:57.288029+00:00,2026-09-24T17:39:02.070000+00:00,
32,2026-09-24,LUV,long,True,41.36,41.36,0.0,41.49,41.52,0.1665342932540836,0.20496528400502664,0.038430990750943056,time_stop,time_stop,2026-09-24T18:32:07.499091+00:00,2026-09-24T18:31:02.070000+00:00,
33,2026-09-24,NSC,short,True,313.58,313.58,0.0,313.171667,313.61,0.22130550482083758,-0.016259193218848705,-0.23756469803968627,orphan_cover,eod,2026-09-25T15:57:37.235237+00:00,2026-09-24T19:50:02.070000+00:00,bekannter Fehler der alten Version: NSC-Waise lief über Nacht und wurde am 25.09. gedeckt; die neue Version schließt verifiziert zum Tagesende
34,2026-09-24,MDT,short,True,88.94,88.94,0.0,88.54,88.56,0.3524275651220028,0.3348061868659058,-0.017621378256096998,eod,eod,2026-09-24T19:50:27.097664+00:00,2026-09-24T19:50:02.070000+00:00,
35,2026-09-24,EMR,long,True,155.58,155.58,0.0,155.95,155.79,0.13538236370288165,0.07683863885838976,-0.058543724844491885,eod,eod,2026-09-24T19:50:29.695629+00:00,2026-09-24T19:50:02.070000+00:00,
36,2026-09-24,SYK,short,True,270.57,270.57,0.0,270.74,270.8,-0.09647798599367759,-0.1305290398737972,-0.0340510538801196,eod,eod,2026-09-24T19:50:31.663464+00:00,2026-09-24T19:50:02.070000+00:00,
37,2026-09-24,SHW,short,True,318.396,318.396,0.0,320.4,320.19,-0.2063473431235035,-0.18472411854469495,0.021623224578808553,eod,eod,2026-09-24T19:50:34.379222+00:00,2026-09-24T19:50:02.070000+00:00,
38,2026-09-25,CRM,short,True,237.16,237.16,0.0,234.90375,234.91,0.4612300968353223,0.45995245113771865,-0.0012776456976036354,fill,tp,2026-09-25T15:42:06.566908+00:00,2026-09-25T15:39:42.334659378+00:00,
39,2026-09-25,WM,short,True,206.19,206.19,0.0,207.53,207.48,-0.6196531791907465,-0.5965317919075045,0.02312138728324198,time_stop,time_stop,2026-09-25T16:09:07.598318+00:00,2026-09-25T16:06:02.070000+00:00,
40,2026-09-25,ITW,long,True,273.91,273.91,0.0,274.94,275.11,0.30969480028443086,0.3608094760595372,0.051114675775106366,time_stop,time_stop,2026-09-25T16:35:27.716063+00:00,2026-09-25T16:32:02.070000+00:00,
41,2026-09-25,NSC,short,True,312.75,312.75,0.0,313.25,313.69,-0.300462712577376,-0.5648698996454655,-0.2644071870680895,sl,time_stop,2026-09-25T15:52:41.505976+00:00,2026-09-25T17:33:02.070000+00:00,"bekannter Fehler der alten Version: Einstieg auf der NSC-Waise, Mischposition; der echte Ausstieg gehört zur gemeinsamen Glattstellung"
42,2026-09-25,GWW,short,True,1243.33,1243.33,0.0,1245.74,1245.67,-0.2486645886148872,-0.2414419657090674,0.007222622905819792,eod,eod,2026-09-25T19:50:47.553823+00:00,2026-09-25T19:50:02.070000+00:00,
43,2026-09-25,PRU,long,True,119.44,119.44,0.0,119.5,119.42,0.03264915221034876,-0.010883050736780343,-0.0435322029471291,eod,eod,2026-09-25T19:50:50.170605+00:00,2026-09-25T19:50:02.070000+00:00,
44,2026-09-25,ROP,short,True,358.54,358.54,0.0,358.83,358.26,-0.05232295895353462,0.050518718989631305,0.10284167794316593,eod,eod,2026-09-25T19:50:51.471640+00:00,2026-09-25T19:50:02.070000+00:00,"Zeitpunkt: echt 15:50:51, Replay 15:50:02 (alte Version: Verwaltung im ~4-Min-Takt); zum echten Zeitpunkt gibt der Simulator 358.8 = -0.05R, echt -0.05R"
45,2026-09-25,EMR,short,True,158.38,158.38,0.0,158.61,158.63,-0.14558804912015277,-0.1582478794784144,-0.012659830358261626,eod,eod,2026-09-25T19:50:53.070210+00:00,2026-09-25T19:50:02.070000+00:00,
46,2026-09-25,HIG,short,True,124.4,124.4,0.0,124.54,124.53,-0.23937352528811323,-0.2222754163389536,0.01709810894915964,eod,eod,2026-09-25T19:50:55.436820497+00:00,2026-09-25T19:50:02.070000+00:00,
47,2026-09-28,UAL,short,True,109.83,109.83,0.0,110.09,110.09,-0.053549717369510294,-0.053549717369510294,0.0,time_stop,time_stop,2026-09-28T15:58:56.539672253+00:00,2026-09-28T15:59:02.070000+00:00,
48,2026-09-28,PANW,long,True,382.52,382.52,0.0,387.78,387.77,0.7494113301306884,0.74798659376162,-0.001424736369068369,fill,tp,2026-09-28T15:50:00.534957+00:00,2026-09-28T15:49:41.397042569+00:00,
49,2026-09-28,AMZN,short,True,245.42625,245.42625,0.0,246.135,246.1,-0.2405600339414451,-0.22868052609248568,0.011879507848959414,time_stop,time_stop,2026-09-28T16:05:46.080961038+00:00,2026-09-28T16:06:02.070000+00:00,
50,2026-09-28,MS,short,True,193.28,193.28,0.0,193.9,193.86,-0.2607781282860169,-0.24395373291272895,0.01682439537328792,time_stop,time_stop,2026-09-28T17:06:37.375587198+00:00,2026-09-28T17:06:02.070000+00:00,
51,2026-09-28,C,short,False,132.3,132.3,0.0,131.41,131.42,1.0684273709484355,1.0564225690276778,-0.012004801920757702,eod,eod,2026-09-28T19:50:31.726482707+00:00,2026-09-28T19:50:03.878666+00:00,
52,2026-09-29,SCHW,short,False,97.5,97.5,0.0,98.75,98.75,-0.9980039920159699,-0.9980039920159699,0.0,sl,sl,2026-09-29T18:25:01.618880576+00:00,2026-09-29T18:25:00+00:00,
53,2026-09-29,TJX,long,False,132.61,132.61,0.0,133.63,133.64,0.35728234237104933,0.36078511043350747,0.003502768062458139,time_stop,time_stop,2026-09-29T19:46:30.267548647+00:00,2026-09-29T19:46:12.384650+00:00,
55,2026-09-30,MS,short,False,190.51,190.51,0.0,189.38,189.32,0.4977973568281896,0.5242290748898645,0.02643171806167488,time_stop,time_stop,2026-09-30T17:50:34.084730518+00:00,2026-09-30T17:50:08.110481+00:00,
56,2026-09-30,ZTS,short,False,69.94,69.94,0.0,69.629286,69.59,0.5446918168431552,0.6135614613280976,0.06886964448494248,eod,eod,2026-09-30T19:50:37.729732930+00:00,2026-09-30T19:50:12.874523+00:00,
57,2026-09-30,PH,short,False,961.39,961.39,0.0,960.67,961.25,0.08024519364725882,0.015603232098075993,-0.06464196154918284,eod,eod,2026-09-30T19:50:31.707508166+00:00,2026-09-30T19:50:12.874523+00:00,
58,2026-10-01,ROP,long,False,362.71,362.71,0.0,362.82,362.73,0.007801993905934467,0.0014185443465361052,-0.006383449559398362,eod,eod,2026-10-01T19:50:33.045191429+00:00,2026-10-01T19:50:05.581274+00:00,
59,2026-10-02,BKNG,short,False,158.8825,158.88,0.0007123055049812188,159.675,159.82,-0.2258008450792569,-0.2676362311124274,-0.041835386033170496,time_stop,time_stop,2026-10-02T17:31:37.005974064+00:00,2026-10-02T17:31:11.169706+00:00,
60,2026-10-02,CMCSA,short,False,21.52,21.52,0.0,21.56,21.56,-0.15533980582523924,-0.15533980582523924,0.0,time_stop,time_stop,2026-10-02T17:31:42.111678718+00:00,2026-10-02T17:31:11.169706+00:00,
